TweetsAgo,Target,User,Date,Positive,Neutral,Negative,Compound,Text
100,BBCWorld,BBC News (World),2017-12-01 12:57:56+00:00,0.0,1.0,0.0,0.0,RT @BBC_HaveYourSay: #AskWoody - did the US ambassador's Twitter Q&amp;A get sidetracked by Trump? https://t.co/pi4m0PECqp
99,BBCWorld,BBC News (World),2017-12-01 13:05:07+00:00,0.0,0.667,0.333,-0.6705,Wanted Chechen IS jihadist Chatayev killed in Georgia siege https://t.co/j6Fk9JFiyn
98,BBCWorld,BBC News (World),2017-12-01 13:09:07+00:00,0.0,1.0,0.0,0.0,RT @bbcweather: EUROPE:  A potential stormy weekend in the Med and Adriatic as #mistral &amp; #bora winds develop. More snow for the Alps. Hele‚Ä¶
97,BBCWorld,BBC News (World),2017-12-01 13:13:20+00:00,0.0,0.37,0.63,-0.8807,Anger as India doctor mistakenly declares newborn dead https://t.co/ml069wCGo9
96,BBCWorld,BBC News (World),2017-12-01 13:17:06+00:00,0.0,1.0,0.0,0.0,Pope Francis uses term Rohingya in Bangladesh meeting https://t.co/UiKQIsGk3f
95,BBCWorld,BBC News (World),2017-12-01 13:33:00+00:00,0.0,0.806,0.194,-0.34,Turkey seeks arrest of ex-CIA officer Fuller over coup plot https://t.co/1hlGZ7c3dn
94,BBCWorld,BBC News (World),2017-12-01 14:23:06+00:00,0.119,0.792,0.089,0.1531,RT @BBCBreaking: Trump's ex-national security adviser Michael Flynn charged with making false statement to FBI in January https://t.co/Zw6t‚Ä¶
93,BBCWorld,BBC News (World),2017-12-01 14:45:50+00:00,0.0,0.763,0.237,-0.7096,"Michael Flynn: The man at the centre of Trump‚Äôs Russia crisis, who has been charged with making a false statement t‚Ä¶ https://t.co/a4zKluuqEY"
92,BBCWorld,BBC News (World),2017-12-01 14:59:55+00:00,0.186,0.659,0.155,0.0951,Republican holdouts back tax bill despite $1tn deficit alert https://t.co/DHPzZ6b6DI
91,BBCWorld,BBC News (World),2017-12-01 14:59:55+00:00,0.0,1.0,0.0,0.0,UN appeals for record $22.5bn humanitarian aid for 2018 https://t.co/LUGz7PaiNr
90,BBCWorld,BBC News (World),2017-12-01 15:22:55+00:00,0.535,0.465,0.0,0.3182,Far-right embrace https://t.co/vUnjzsx2Fm
89,BBCWorld,BBC News (World),2017-12-01 15:22:55+00:00,0.0,0.769,0.231,-0.34,Cohoes fire: Amateur US blacksmith burns down buildings https://t.co/5a2t04umKS
88,BBCWorld,BBC News (World),2017-12-01 15:23:33+00:00,0.138,0.781,0.082,0.3612,Flight attendant still working at 81: Bette Nash is celebrating 60 years working in the air and she has no plans to‚Ä¶ https://t.co/ztvh6okq12
87,BBCWorld,BBC News (World),2017-12-01 15:34:41+00:00,0.0,1.0,0.0,0.0,"RT @BBCSport: The 2018 Fifa #WorldCupDraw is moments away ‚öΩÔ∏è

Follow live coverage üëâ https://t.co/XhMcEMjVJd

Tweet us #bbcfootball https:/‚Ä¶"
86,BBCWorld,BBC News (World),2017-12-01 15:43:10+00:00,0.32,0.68,0.0,0.6355,"RT @BBC_HaveYourSay: ""I can't stop laughing...this is making fun of our intelligence.""
https://t.co/7wbOXilh34"
85,BBCWorld,BBC News (World),2017-12-01 15:51:55+00:00,0.0,1.0,0.0,0.0,"RT @BBCSport: Group A

üá∑üá∫ Russia
üá∫üáæ Uruguay
üá™üá¨ Egypt
üá∏üá¶ Saudi Arabia

Follow live:

üì∫ @BBCTwo
üìª @bbc5live
üì± https://t.co/XhMcEMjVJd

#World‚Ä¶"
84,BBCWorld,BBC News (World),2017-12-01 15:55:19+00:00,0.0,1.0,0.0,0.0,"RT @BBCSport: Group D

üá¶üá∑ Argentina
üá≠üá∑ Croatia
üáÆüá∏ Iceland
üá≥üá¨ Nigeria

Follow live:

üì∫ @BBCTwo
üìª @bbc5live
üì± https://t.co/XhMcEMjVJd

#World‚Ä¶"
83,BBCWorld,BBC News (World),2017-12-01 15:55:28+00:00,0.0,1.0,0.0,0.0,"RT @BBCSport: Group C

üá´üá∑ France
üáµüá™ Peru
üá©üá∞ Denmark
üá¶üá∫ Australia

Follow live:

üì∫ @BBCTwo
üìª @bbc5live
üì± https://t.co/XhMcEMjVJd

#WorldCupD‚Ä¶"
82,BBCWorld,BBC News (World),2017-12-01 15:55:36+00:00,0.0,1.0,0.0,0.0,"RT @BBCSport: Group B

üáµüáπ Portugal
üá™üá∏ Spain
üáÆüá∑ Iran
üá≤üá¶ Morocco

Follow live:

üì∫ @BBCTwo
üìª @bbc5live
üì± https://t.co/XhMcEMjVJd

#WorldCupDra‚Ä¶"
81,BBCWorld,BBC News (World),2017-12-01 15:55:43+00:00,0.0,1.0,0.0,0.0,"RT @BBCSport: Group E

üáßüá∑ Brazil
üá®üá≠ Switzerland
üá®üá∑ Costa Rica
üá∑üá∏ Serbia

Follow live:

üì∫ @BBCTwo
üìª @bbc5live
üì± https://t.co/XhMcEMjVJd

#Wo‚Ä¶"
80,BBCWorld,BBC News (World),2017-12-01 15:56:59+00:00,0.0,1.0,0.0,0.0,Ex-Trump adviser Michael Flynn arrives at federal court https://t.co/RzlaYEZ3oL
79,BBCWorld,BBC News (World),2017-12-01 15:59:25+00:00,0.0,1.0,0.0,0.0,"RT @BBCSport: Group F

üá©üá™ Germany
üá≤üáΩ Mexico
üá∏üá™ Sweden
üá∞üá∑ South Korea

Follow live:

üì∫ @BBCTwo
üìª @bbc5live
üì± https://t.co/XhMcEMjVJd

#World‚Ä¶"
78,BBCWorld,BBC News (World),2017-12-01 15:59:41+00:00,0.0,1.0,0.0,0.0,"RT @BBCSport: Group H

üáµüá± Poland
üá®üá¥ Colombia
üá∏üá≥ Senegal
üáØüáµ Japan

Follow live:

üì∫ @BBCTwo
üìª @bbc5live
üì± https://t.co/XhMcEMjVJd

#WorldCupD‚Ä¶"
77,BBCWorld,BBC News (World),2017-12-01 16:03:34+00:00,0.0,1.0,0.0,0.0,"RT @BBCSport: Here's how Group G looks for the 2018 Fifa World Cup.

Live reaction üëâ https://t.co/XhMcEMjVJd #WorldCupDraw #bbcfootball htt‚Ä¶"
76,BBCWorld,BBC News (World),2017-12-01 16:14:25+00:00,0.0,1.0,0.0,0.0,"RT @BBCSport: Here it is - the 2018 Fifa #WorldCupDraw in full.

Live reaction üëâ https://t.co/XhMcEMjVJd

#bbcfootball https://t.co/0VuT9eD‚Ä¶"
75,BBCWorld,BBC News (World),2017-12-01 16:27:51+00:00,0.198,0.802,0.0,0.5719,"RT @bbcworldservice: With hundreds of possible partners, how do you find the perfect match? üìª https://t.co/2dsG9aESiF https://t.co/mZmYo9ra‚Ä¶"
74,BBCWorld,BBC News (World),2017-12-01 16:31:25+00:00,0.0,1.0,0.0,0.0,"RT @BBCSport: Fixtures ‚úÖ
Times ‚úÖ
Place ‚úÖ

Plan your 2018 Fifa #WorldCup here üëâ https://t.co/ZP8c002zey #WorldCupDraw #bbcfootball https://t‚Ä¶"
73,BBCWorld,BBC News (World),2017-12-01 16:40:18+00:00,0.0,1.0,0.0,0.0,Potsdam police find explosives found near Christmas market https://t.co/PmG70tOlrr
72,BBCWorld,BBC News (World),2017-12-01 16:44:07+00:00,0.207,0.575,0.218,-0.0258,Belgium's Prince Laurent protests over fine https://t.co/iGwWZBEe0W
71,BBCWorld,BBC News (World),2017-12-01 17:18:50+00:00,0.0,0.787,0.213,-0.4019,"White House logs show problem with ants, mice and cockroaches https://t.co/QXB6HQC7x6"
70,BBCWorld,BBC News (World),2017-12-01 17:26:50+00:00,0.32,0.467,0.213,0.1531,Actors rehearsing 'Jihad' play cause security scare in France https://t.co/fwK7PD5JT6
69,BBCWorld,BBC News (World),2017-12-01 18:49:51+00:00,0.0,1.0,0.0,0.0,"Pope uses the ""R"" word https://t.co/yISjsMQsPt"
68,BBCWorld,BBC News (World),2017-12-01 19:31:42+00:00,0.318,0.682,0.0,0.4215,"Artist rescued after not-so-great 'escape'

https://t.co/cKQrURtq69 https://t.co/RvVwXigmkY"
67,BBCWorld,BBC News (World),2017-12-01 19:51:05+00:00,0.0,0.785,0.215,-0.6249,"Rohingya crisis: Why is it a big deal that Pope Francis used the 'R' word? 

https://t.co/Han1ULjkpN https://t.co/3U5stD3fEt"
66,BBCWorld,BBC News (World),2017-12-01 20:06:35+00:00,0.139,0.861,0.0,0.4019,"RT @BBCSteveR: Want to know more about Volgograd, where England play their opening World Cup match next June? It has one of the world's tal‚Ä¶"
65,BBCWorld,BBC News (World),2017-12-01 20:10:09+00:00,0.63,0.37,0.0,0.7003,"'Jihad' comedians cause France security alert

https://t.co/0BgseermGe"
64,BBCWorld,BBC News (World),2017-12-01 20:25:48+00:00,0.134,0.866,0.0,0.1779,Reza Zarrab case: Turkey seizes assets of trader in US trial https://t.co/Jk7GYgWcBJ
63,BBCWorld,BBC News (World),2017-12-01 20:37:18+00:00,0.0,0.404,0.596,-0.9153,Slobodan Praljak suicide: War criminal took 'cyanide' in Hague court https://t.co/yzt6LdXj1v
62,BBCWorld,BBC News (World),2017-12-01 20:55:00+00:00,0.216,0.784,0.0,0.296,US woman admits testing homemade ricin on neighbours https://t.co/hCLc19OxOW
61,BBCWorld,BBC News (World),2017-12-01 20:59:24+00:00,0.286,0.714,0.0,0.7184,"RT @BBCNews: Prince Harry and Meghan Markle complete first joint public engagement since... their engagement

https://t.co/EOYnmFRmRm https‚Ä¶"
60,BBCWorld,BBC News (World),2017-12-01 21:53:00+00:00,0.0,1.0,0.0,0.0,Amal Hijazi: Lebanese pop star breaks retirement with song for Muhammad https://t.co/uZyZpEOrJl
59,BBCWorld,BBC News (World),2017-12-01 21:53:00+00:00,0.0,0.784,0.216,-0.296,Canada province urges shopkeepers to stop saying 'Bonjour-Hi' https://t.co/CSz84cpfuU
58,BBCWorld,BBC News (World),2017-12-01 22:47:37+00:00,0.223,0.777,0.0,0.3182,Sanremo tornado: Huge waterspout forms off Italian coast https://t.co/DhTRysakdS
57,BBCWorld,BBC News (World),2017-12-01 22:54:42+00:00,0.0,0.673,0.327,-0.34,Turkey hunger striker Gulmen found guilty but released https://t.co/lTDTXT4jux
56,BBCWorld,BBC News (World),2017-12-01 23:53:41+00:00,0.0,0.522,0.478,-0.6705,Hawaii dusts off nuclear attack warning siren https://t.co/CrIp6Ufvl3
55,BBCWorld,BBC News (World),2017-12-02 00:16:01+00:00,0.5,0.5,0.0,0.25,Olympic dream https://t.co/YwEfC8G6R2
54,BBCWorld,BBC News (World),2017-12-02 00:26:44+00:00,0.0,1.0,0.0,0.0,Returning home https://t.co/yKHoebmBXm
53,BBCWorld,BBC News (World),2017-12-02 00:54:49+00:00,0.0,1.0,0.0,0.0,The man who said 'Non' https://t.co/GmMd2Z6mE5
52,BBCWorld,BBC News (World),2017-12-02 01:54:42+00:00,0.0,0.745,0.255,-0.34,Kaspersky Labs: Warning over Russian anti-virus software https://t.co/rr4ietrD87
51,BBCWorld,BBC News (World),2017-12-02 02:15:36+00:00,0.223,0.777,0.0,0.3182,Honduras election: Fresh delays after opposition demands recount https://t.co/bgspgrxcMJ
50,BBCWorld,BBC News (World),2017-12-02 05:05:41+00:00,0.294,0.706,0.0,0.3612,Major fishing nations agree Arctic moratorium https://t.co/b463WVvnlB
49,BBCWorld,BBC News (World),2017-12-02 06:59:38+00:00,0.0,1.0,0.0,0.0,US Senate passes sweeping tax overhaul bill https://t.co/ZnMhFkg5hG
48,BBCWorld,BBC News (World),2017-12-02 08:02:35+00:00,0.0,1.0,0.0,0.0,"RT @BBCBusiness: It's a jungle out there in the finance world and we're on a safari. Over the next month, we'll be posting our A-Z of Busin‚Ä¶"
47,BBCWorld,BBC News (World),2017-12-02 08:14:57+00:00,0.0,0.517,0.483,-0.6808,How Pussy Riot turned to protest art https://t.co/SCKSnevinT
46,BBCWorld,BBC News (World),2017-12-02 09:09:59+00:00,0.0,1.0,0.0,0.0,Israel targets Syrian military base - Syrian state TV https://t.co/zORH3BkruD
45,BBCWorld,BBC News (World),2017-12-02 09:43:41+00:00,0.0,0.676,0.324,-0.34,Hawaii tests nuclear warning siren https://t.co/qmEwTJysi5
44,BBCWorld,BBC News (World),2017-12-02 10:06:52+00:00,0.0,1.0,0.0,0.0,A city built for scientists https://t.co/yx0PVZ8Rfb
43,BBCWorld,BBC News (World),2017-12-02 10:34:23+00:00,0.252,0.748,0.0,0.5719,Australian MP Barnaby Joyce wins back seat after dual citizenship row https://t.co/4q80qTH6IW
42,BBCWorld,BBC News (World),2017-12-02 10:53:36+00:00,0.216,0.625,0.159,0.25,"RT @BBCSport: Australia have beaten England to win the #RLWC2017. 

‚û° https://t.co/EwfAqAMrNc #bbcrl https://t.co/pl1rVA7gIx"
41,BBCWorld,BBC News (World),2017-12-02 11:31:35+00:00,0.0,1.0,0.0,0.0,"RT @BBCBusiness: What do unicorns, zebras, sharks and bees have to do with your money? Explore our full A-Z Business Beasts guide here: htt‚Ä¶"
40,BBCWorld,BBC News (World),2017-12-02 11:58:23+00:00,0.0,1.0,0.0,0.0,Yemen: ex-President Saleh offers talks to Saudi-led coalition https://t.co/bOKLQRtze6
39,BBCWorld,BBC News (World),2017-12-02 12:12:08+00:00,0.326,0.674,0.0,0.4404,ICYMI: Hanks' thanks for 126p car https://t.co/iwZQ45Gbz4
38,BBCWorld,BBC News (World),2017-12-02 12:38:18+00:00,0.0,1.0,0.0,0.0,Triple talaq: India considers jail for 'instant divorce' https://t.co/1cqi8o3w47
37,BBCWorld,BBC News (World),2017-12-02 12:41:25+00:00,0.375,0.625,0.0,0.9081,"RT @BBCJonSopel: A win is a win is a win. And last night in the Senate, @realDonaldTrump scored  a big one on overhauling tax system  https‚Ä¶"
36,BBCWorld,BBC News (World),2017-12-02 13:20:58+00:00,0.0,0.7,0.3,-0.4576,Completely blind backpacker travelling around the world https://t.co/s7O34io2bg
35,BBCWorld,BBC News (World),2017-12-02 15:01:56+00:00,0.0,0.585,0.415,-0.8316,Egyptian lawyer jailed for saying women in ripped jeans should be raped https://t.co/HGENEk76vh
34,BBCWorld,BBC News (World),2017-12-02 15:19:34+00:00,0.32,0.68,0.0,0.5106,UAE 'deports' Egypt presidential hopeful Ahmed Shafiq https://t.co/lEje7LLsYC
33,BBCWorld,BBC News (World),2017-12-02 15:45:18+00:00,0.0,0.826,0.174,-0.2263,Alternative for Germany: Police and protesters clash over meeting https://t.co/t3xPmfVjQ7
32,BBCWorld,BBC News (World),2017-12-02 16:49:32+00:00,0.0,0.556,0.444,-0.6808,"How Pussy Riot turned to protest art 

https://t.co/BZIptDmFSL https://t.co/YuW8oKEnFN"
31,BBCWorld,BBC News (World),2017-12-02 17:50:07+00:00,0.0,1.0,0.0,0.0,Trump says Flynn's Russia dealings lawful https://t.co/rVRBhhyB9X
30,BBCWorld,BBC News (World),2017-12-02 18:04:42+00:00,0.0,0.645,0.355,-0.5106,Zimbabwe's Mnangagwa replaces ministers after outcry https://t.co/1so6etNGSb
29,BBCWorld,BBC News (World),2017-12-02 23:18:39+00:00,0.225,0.583,0.192,0.1027,Yemen conflict: Saudi-led coalition welcomes Saleh talks offer https://t.co/eBaiX0ctxb
28,BBCWorld,BBC News (World),2017-12-03 00:17:16+00:00,0.0,1.0,0.0,0.0,Winds of change https://t.co/TOMTrWBbeV
27,BBCWorld,BBC News (World),2017-12-03 00:23:53+00:00,0.0,1.0,0.0,0.0,Trump my crib https://t.co/GZoHVDSGYR
26,BBCWorld,BBC News (World),2017-12-03 00:27:24+00:00,0.0,1.0,0.0,0.0,Reality Check https://t.co/FmtOMXIjTG
25,BBCWorld,BBC News (World),2017-12-03 00:27:24+00:00,0.0,1.0,0.0,0.0,Pop apocalypse https://t.co/eE4noHWNK7
24,BBCWorld,BBC News (World),2017-12-03 01:04:37+00:00,0.535,0.465,0.0,0.3182,Fresh heart https://t.co/InPKv8ZCQf
23,BBCWorld,BBC News (World),2017-12-03 02:02:43+00:00,0.0,0.778,0.222,-0.25,UK social mobility board quits in protest https://t.co/LWdlu83VMY
22,BBCWorld,BBC News (World),2017-12-03 02:16:44+00:00,0.388,0.393,0.219,0.4588,From war wounded to medal winner: Ukrainian soldier's journey https://t.co/XgMHLXq7c8
21,BBCWorld,BBC News (World),2017-12-03 02:20:07+00:00,0.245,0.755,0.0,0.5984,Meet one of the nominees in Liberia's hunt for most trustworthy official https://t.co/Hmo8jR1cNF
20,BBCWorld,BBC News (World),2017-12-02 11:58:23+00:00,0.0,1.0,0.0,0.0,Yemen: ex-President Saleh offers talks to Saudi-led coalition https://t.co/bOKLQRtze6
19,BBCWorld,BBC News (World),2017-12-02 12:12:08+00:00,0.326,0.674,0.0,0.4404,ICYMI: Hanks' thanks for 126p car https://t.co/iwZQ45Gbz4
18,BBCWorld,BBC News (World),2017-12-02 12:38:18+00:00,0.0,1.0,0.0,0.0,Triple talaq: India considers jail for 'instant divorce' https://t.co/1cqi8o3w47
17,BBCWorld,BBC News (World),2017-12-02 12:41:25+00:00,0.375,0.625,0.0,0.9081,"RT @BBCJonSopel: A win is a win is a win. And last night in the Senate, @realDonaldTrump scored  a big one on overhauling tax system  https‚Ä¶"
16,BBCWorld,BBC News (World),2017-12-02 13:20:58+00:00,0.0,0.7,0.3,-0.4576,Completely blind backpacker travelling around the world https://t.co/s7O34io2bg
15,BBCWorld,BBC News (World),2017-12-02 15:01:56+00:00,0.0,0.585,0.415,-0.8316,Egyptian lawyer jailed for saying women in ripped jeans should be raped https://t.co/HGENEk76vh
14,BBCWorld,BBC News (World),2017-12-02 15:19:34+00:00,0.32,0.68,0.0,0.5106,UAE 'deports' Egypt presidential hopeful Ahmed Shafiq https://t.co/lEje7LLsYC
13,BBCWorld,BBC News (World),2017-12-02 15:45:18+00:00,0.0,0.826,0.174,-0.2263,Alternative for Germany: Police and protesters clash over meeting https://t.co/t3xPmfVjQ7
12,BBCWorld,BBC News (World),2017-12-02 16:49:32+00:00,0.0,0.556,0.444,-0.6808,"How Pussy Riot turned to protest art 

https://t.co/BZIptDmFSL https://t.co/YuW8oKEnFN"
11,BBCWorld,BBC News (World),2017-12-02 17:50:07+00:00,0.0,1.0,0.0,0.0,Trump says Flynn's Russia dealings lawful https://t.co/rVRBhhyB9X
10,BBCWorld,BBC News (World),2017-12-02 18:04:42+00:00,0.0,0.645,0.355,-0.5106,Zimbabwe's Mnangagwa replaces ministers after outcry https://t.co/1so6etNGSb
9,BBCWorld,BBC News (World),2017-12-02 23:18:39+00:00,0.225,0.583,0.192,0.1027,Yemen conflict: Saudi-led coalition welcomes Saleh talks offer https://t.co/eBaiX0ctxb
8,BBCWorld,BBC News (World),2017-12-03 00:17:16+00:00,0.0,1.0,0.0,0.0,Winds of change https://t.co/TOMTrWBbeV
7,BBCWorld,BBC News (World),2017-12-03 00:23:53+00:00,0.0,1.0,0.0,0.0,Trump my crib https://t.co/GZoHVDSGYR
6,BBCWorld,BBC News (World),2017-12-03 00:27:24+00:00,0.0,1.0,0.0,0.0,Reality Check https://t.co/FmtOMXIjTG
5,BBCWorld,BBC News (World),2017-12-03 00:27:24+00:00,0.0,1.0,0.0,0.0,Pop apocalypse https://t.co/eE4noHWNK7
4,BBCWorld,BBC News (World),2017-12-03 01:04:37+00:00,0.535,0.465,0.0,0.3182,Fresh heart https://t.co/InPKv8ZCQf
3,BBCWorld,BBC News (World),2017-12-03 02:02:43+00:00,0.0,0.778,0.222,-0.25,UK social mobility board quits in protest https://t.co/LWdlu83VMY
2,BBCWorld,BBC News (World),2017-12-03 02:16:44+00:00,0.388,0.393,0.219,0.4588,From war wounded to medal winner: Ukrainian soldier's journey https://t.co/XgMHLXq7c8
1,BBCWorld,BBC News (World),2017-12-03 02:20:07+00:00,0.245,0.755,0.0,0.5984,Meet one of the nominees in Liberia's hunt for most trustworthy official https://t.co/Hmo8jR1cNF
100,CBSNews,CBS News,2017-12-02 07:33:05+00:00,0.138,0.862,0.0,0.1531,"Pope Francis says ""Rohingya"" in emotional encounter with refugees https://t.co/AGmmh7mSZI https://t.co/TlCPh48Q2V"
99,CBSNews,CBS News,2017-12-02 07:48:05+00:00,0.0,0.588,0.412,-0.8271,"Man threatened to kill U.S. congressman over net neutrality, officials say https://t.co/NMbaFGfmvu https://t.co/0LB6rU444E"
98,CBSNews,CBS News,2017-12-02 08:03:05+00:00,0.211,0.789,0.0,0.4939,Bitcoin exchange Coinbase ordered to hand over customer data to IRS https://t.co/LPpaLH93uW https://t.co/8NpwVRcV1S
97,CBSNews,CBS News,2017-12-02 08:23:11+00:00,0.0,0.769,0.231,-0.4019,Could early balding signal heart trouble in men? https://t.co/OedoPn19t7 https://t.co/LnX6LdRkRo
96,CBSNews,CBS News,2017-12-02 08:33:05+00:00,0.0,1.0,0.0,0.0,Senate passes Republican tax bill https://t.co/IZhG6dyvWe https://t.co/otMQf3AGRI
95,CBSNews,CBS News,2017-12-02 08:48:06+00:00,0.0,1.0,0.0,0.0,"White nationalist group set up memorial to Kate Steinle, slain in 2015 San Francisco pier shooting‚Ä¶ https://t.co/BYhg0dlP2K"
94,CBSNews,CBS News,2017-12-02 09:03:04+00:00,0.0,0.696,0.304,-0.5859,"Remains of missing Army vet, dog found in shallow grave, police say https://t.co/801jVc1q2B"
93,CBSNews,CBS News,2017-12-02 09:18:08+00:00,0.0,0.714,0.286,-0.4588,"Navy commander sentenced for role in ""Fat Leonard"" bribery scandal https://t.co/c5rLemxhoV https://t.co/90IiGDy0cX"
92,CBSNews,CBS News,2017-12-02 09:33:04+00:00,0.0,1.0,0.0,0.0,"Mike Flynn says he takes ""full responsibility"" for his actions https://t.co/PCbqQMTwF7 https://t.co/j7aldVzMAp"
91,CBSNews,CBS News,2017-12-02 09:48:05+00:00,0.0,0.828,0.172,-0.3612,"NBC News chief says network is investigating Matt Lauer's ""appalling behavior"" https://t.co/0HEdPJvndr https://t.co/27DHufbbYi"
90,CBSNews,CBS News,2017-12-02 10:03:05+00:00,0.0,0.774,0.226,-0.4754,"Analysis: Mueller investigation ""should make you very nervous"" if you have something to hide https://t.co/Rkg2ecm47z https://t.co/yfYQF5rO7g"
89,CBSNews,CBS News,2017-12-02 10:18:07+00:00,0.178,0.822,0.0,0.3818,Drug treatment court judge helps Minnesota woman turn her life around https://t.co/2vxLxQS0FB https://t.co/o2WbtOoBGf
88,CBSNews,CBS News,2017-12-02 10:33:05+00:00,0.0,0.552,0.448,-0.7964,"Pelosi, DCCC chairman call for congressman accused of harassment to resign https://t.co/VNiRymB9M5 https://t.co/FmG1J5FArA"
87,CBSNews,CBS News,2017-12-02 10:48:05+00:00,0.162,0.659,0.18,-0.0772,American Airlines pilots to cover flights after glitch threatened holiday travel https://t.co/eyf4lSW0wX https://t.co/I8uL8UInx7
86,CBSNews,CBS News,2017-12-02 11:03:05+00:00,0.211,0.789,0.0,0.4939,Bitcoin exchange Coinbase ordered to hand over customer data to IRS https://t.co/ONnpG13i58 https://t.co/T1WXnJKJMh
85,CBSNews,CBS News,2017-12-02 11:18:07+00:00,0.108,0.723,0.169,-0.25,Former NSA employee pleads guilty to keeping top secret info at home https://t.co/AxZNwjWcjP https://t.co/KaBtYnPUR3
84,CBSNews,CBS News,2017-12-02 11:33:05+00:00,0.0,0.82,0.18,-0.296,Mariah Woods: Search continues for missing North Carolina 3-year-old https://t.co/TKC1eHwgVq https://t.co/AUO1LunHZO
83,CBSNews,CBS News,2017-12-02 11:48:06+00:00,0.168,0.559,0.273,-0.4019,"Lung cancer drug targets ""hidden"" HIV in promising case https://t.co/AZrRvTrWZC https://t.co/BLS8d9hSMr"
82,CBSNews,CBS News,2017-12-02 12:03:06+00:00,0.0,1.0,0.0,0.0,"Netflix announces third season of ""Stranger Things"" https://t.co/W1ylQbMSGf https://t.co/ZSCXUIWWz9"
81,CBSNews,CBS News,2017-12-02 12:18:08+00:00,0.198,0.802,0.0,0.5719,"McDonald's manager who tipped cops off in Tampa slayings case to receive $110,000 reward https://t.co/ngUxzghA85 https://t.co/DRhXv13IOO"
80,CBSNews,CBS News,2017-12-02 12:33:05+00:00,0.0,0.629,0.371,-0.7579,"Thieves steal toys, clothes, tools from Salvation Army warehouse in Baltimore https://t.co/0VpqHRR7K5 https://t.co/p1yf1Eq952"
79,CBSNews,CBS News,2017-12-02 12:48:03+00:00,0.0,0.829,0.171,-0.4753,"Hecklers yell ""Lock him up!"" as Michael Flynn leaves courthouse after making guilty plea https://t.co/2oVFmijMJy https://t.co/P1iX721fVV"
78,CBSNews,CBS News,2017-12-02 13:03:05+00:00,0.0,0.763,0.237,-0.4215,Ex-Oklahoma lawmaker pleads guilty to child sex trafficking https://t.co/UWmL2RvEgF https://t.co/xlq2gSjc0c
77,CBSNews,CBS News,2017-12-02 13:18:08+00:00,0.0,1.0,0.0,0.0,Tesla turns on world's biggest lithium-ion battery https://t.co/2IhJx81HCz https://t.co/r54QPY4hBL
76,CBSNews,CBS News,2017-12-02 13:33:05+00:00,0.153,0.438,0.409,-0.5423,Accusers face risks when violating nondisclosure agreements https://t.co/rfpfWPKXD0 https://t.co/YGtomyn5h5
75,CBSNews,CBS News,2017-12-02 13:38:32+00:00,0.0,0.639,0.361,-0.8625,Investigators in North Carolina say a missing 3-year-old girl is believed to be dead and have arrested a man in con‚Ä¶ https://t.co/Cifh020qbl
74,CBSNews,CBS News,2017-12-02 13:48:06+00:00,0.115,0.885,0.0,0.0772,Feds want to seize Martin Shkreli's Wu-Tang Clan album https://t.co/GQIL3hPM7S https://t.co/I19hsoeiV5
73,CBSNews,CBS News,2017-12-02 14:03:04+00:00,0.0,0.533,0.467,-0.7906,Report faults law enforcement at violent Charlottesville rally https://t.co/tUGOqLz7qj https://t.co/OReSE7oNoQ
72,CBSNews,CBS News,2017-12-02 14:15:02+00:00,0.0,1.0,0.0,0.0,The Senate narrowly passed Republicans' tax reform legislation just before 2 a.m. ET; the bill next heads to confer‚Ä¶ https://t.co/VVY3UBSYiR
71,CBSNews,CBS News,2017-12-02 14:35:01+00:00,0.0,0.723,0.277,-0.7579,Investigators in North Carolina say a missing 3-year-old girl is believed to be dead; her mother's boyfriend has be‚Ä¶ https://t.co/NgFAD6PWrb
70,CBSNews,CBS News,2017-12-02 14:55:01+00:00,0.0,1.0,0.0,0.0,"The first baby born from a uterus transplant in the U.S. has been delivered in Texas:
https://t.co/5i0f6j2ZB7 https://t.co/c5y0gC69yQ"
69,CBSNews,CBS News,2017-12-02 15:16:01+00:00,0.0,0.739,0.261,-0.6478,"President Trump reacts to Michael Flynn's guilty plea, says there was ""absolutely no collusion"" with Russia‚Ä¶ https://t.co/uLOmLVfoX6"
68,CBSNews,CBS News,2017-12-02 15:35:55+00:00,0.0,0.872,0.128,-0.296,The Senate narrowly passed Republicans' tax reform legislation early Saturday morning with no Democratic support:‚Ä¶ https://t.co/0dtDL2AOs6
67,CBSNews,CBS News,2017-12-02 15:55:02+00:00,0.0,1.0,0.0,0.0,"A white nationalist group set up a memorial for Kate Steinle near where she was shot, decorating it with flowers, c‚Ä¶ https://t.co/6UQ8z9ot2Z"
66,CBSNews,CBS News,2017-12-02 16:15:01+00:00,0.0,0.798,0.202,-0.5859,"The remains of a missing Army veteran and her dog were found in a shallow grave after a tip from her ex-husband, po‚Ä¶ https://t.co/btNUdTMfmx"
65,CBSNews,CBS News,2017-12-02 16:35:01+00:00,0.122,0.878,0.0,0.3612,"Jesse Ventura and the estate of ""American Sniper"" author Chris Kyle agree to dismiss the former Minnesota governor'‚Ä¶ https://t.co/jz7Xvf6MEC"
64,CBSNews,CBS News,2017-12-02 16:55:02+00:00,0.1,0.9,0.0,0.25,"Proponents claim the Senate GOP tax plan would ""directly benefit"" all Americans, but how people would actually make‚Ä¶ https://t.co/WDsQyA4T6H"
63,CBSNews,CBS News,2017-12-02 17:15:01+00:00,0.0,1.0,0.0,0.0,"This week, archaeologists unearthed part of one of the 21 sphinxes Cecil B. DeMille left behind after wrapping up f‚Ä¶ https://t.co/rqTCpaOVux"
62,CBSNews,CBS News,2017-12-02 17:19:32+00:00,0.0,0.808,0.192,-0.6124,"NEW: President Trump speaks out on Michael Flynn, says he ""had to fire General Flynn because he lied to the Vice Pr‚Ä¶ https://t.co/weVVAfOlHo"
61,CBSNews,CBS News,2017-12-02 17:35:01+00:00,0.0,1.0,0.0,0.0,"Tax reform bill: What's in the final version passed by the Senate early Saturday?
https://t.co/sbbMrAuxAE https://t.co/FQEPeIog5l"
60,CBSNews,CBS News,2017-12-02 17:55:01+00:00,0.12,0.788,0.091,0.1779,Missing Florida teenager who police said was with 27-year-old high school soccer coach has been found safe in New Y‚Ä¶ https://t.co/88bxQJBDCM
59,CBSNews,CBS News,2017-12-02 18:15:01+00:00,0.0,0.754,0.246,-0.7351,"President Trump says he fired Michael Flynn because he lied to VP Pence and  FBI, insists there's ""nothing to hide""‚Ä¶ https://t.co/ZPMroHl24z"
58,CBSNews,CBS News,2017-12-02 18:35:00+00:00,0.198,0.802,0.0,0.5719,"Andy Weir, the author of ""The Martian,"" is happy to remain an ""earthbound misfit""
https://t.co/Ka9b8nU6wq https://t.co/Mb4VFsySTC"
57,CBSNews,CBS News,2017-12-02 18:55:02+00:00,0.131,0.777,0.092,0.2023,An FBI agent suspected of sending anti-Trump texts has been removed from special counsel Robert Mueller's team‚Ä¶ https://t.co/dSPLShCTBY
56,CBSNews,CBS News,2017-12-02 19:35:01+00:00,0.0,1.0,0.0,0.0,"For more than 20 years, the band Spoon has been a staple of the indie rock circuit, blending rock, pop and punk:‚Ä¶ https://t.co/C6pRhJVjWB"
55,CBSNews,CBS News,2017-12-02 19:55:01+00:00,0.0,1.0,0.0,0.0,The White House is finalizing plans for President Trump to announce that the U.S. will recognize Jerusalem as the c‚Ä¶ https://t.co/eRtoIxExIv
54,CBSNews,CBS News,2017-12-02 20:15:01+00:00,0.0,1.0,0.0,0.0,More than 200 pounds of unclaimed contraband bologna was seized at U.S.-Mexico border this week:‚Ä¶ https://t.co/uFHL9ZxYr4
53,CBSNews,CBS News,2017-12-02 20:35:01+00:00,0.138,0.862,0.0,0.4939,A British police officer has been praised for grabbing hold of a van as it dangled on an icy bridge over a highway‚Ä¶ https://t.co/th3z6BUIbj
52,CBSNews,CBS News,2017-12-02 20:55:21+00:00,0.115,0.885,0.0,0.3818,"""We are focused on delivering a newscast powered by reporting and writing that will get to the heart of the issues‚Ä¶ https://t.co/nSvY7XD3Yh"
51,CBSNews,CBS News,2017-12-02 21:15:01+00:00,0.0,0.884,0.116,-0.2732,South Carolina State basketball player Tyvoris Solomon collapsed during game and was taken to the hospital:‚Ä¶ https://t.co/WlV8m4iMa8
50,CBSNews,CBS News,2017-12-02 21:35:02+00:00,0.0,1.0,0.0,0.0,"A 70-year-old retirement community resident made ricin and tested the deadly toxin on her neighbors, investigators‚Ä¶ https://t.co/LtGvbzCNWE"
49,CBSNews,CBS News,2017-12-02 21:58:04+00:00,0.0,0.849,0.151,-0.5994,A siren blared across Hawaii for the first time since the end of the Cold War in an effort to prepare tourists and‚Ä¶ https://t.co/Mr1JCcGSWO
48,CBSNews,CBS News,2017-12-02 22:18:29+00:00,0.186,0.814,0.0,0.4939,Bitcoin exchange Coinbase has been ordered to hand over customer data to IRS https://t.co/z7ETK4P1hB https://t.co/OMrykzlvzG
47,CBSNews,CBS News,2017-12-02 22:36:28+00:00,0.0,0.823,0.177,-0.4215,"A timeline of Michael Flynn's contacts with Russia, his ouster and guilty plea: https://t.co/G7lRyNzdSj https://t.co/FufJjs7uOz"
46,CBSNews,CBS News,2017-12-02 22:55:01+00:00,0.138,0.769,0.092,0.2263,A special education teacher's assistant has been charged with kicking a 16-year-old nonverbal student who was in a‚Ä¶ https://t.co/42cJqSzWVK
45,CBSNews,CBS News,2017-12-02 23:00:02+00:00,0.0,0.8,0.2,-0.4588,"JUST IN: ABC News suspends chief investigative correspondent Brian Ross for 4 weeks over ""serious error"" in Trump-F‚Ä¶ https://t.co/kuQvM0w0d6"
44,CBSNews,CBS News,2017-12-02 23:08:34+00:00,0.119,0.881,0.0,0.4019,"@CBSNews MORE: ABC News says ""the reporting conveyed by Brian Ross during the special report had not been fully vet‚Ä¶ https://t.co/iZFqILuKIo"
43,CBSNews,CBS News,2017-12-02 23:20:01+00:00,0.0,0.891,0.109,-0.296,"A judge in Minnesota refused to judge a book by its cover and instead, judged by what he saw inside:‚Ä¶ https://t.co/E3t4CL3WKw"
42,CBSNews,CBS News,2017-12-02 23:24:09+00:00,0.074,0.747,0.178,-0.4222,ABC News' Brian Ross suspended four weeks without pay for botched Flynn report https://t.co/xrONSLDczf https://t.co/LkjyaucKmK
41,CBSNews,CBS News,2017-12-02 23:36:04+00:00,0.0,0.774,0.226,-0.5859,"Brock Turner, ex-Stanford swimmer convicted of sexual assault, wants case thrown out https://t.co/A6ZJZeGxdd https://t.co/M1lXoUcgNV"
40,CBSNews,CBS News,2017-12-02 23:40:02+00:00,0.071,0.929,0.0,0.0772,Feds want to seize Martin Shkreli's Wu-Tang Clan album; the former pharmaceutical executive reportedly paid $2 mill‚Ä¶ https://t.co/3x29YqLLev
39,CBSNews,CBS News,2017-12-03 00:03:04+00:00,0.0,0.696,0.304,-0.5423,Hunter kills ginormous 600-pound bear in Pennsylvania https://t.co/YuGSvUzc1j https://t.co/4T2Q4cS8Ch
38,CBSNews,CBS News,2017-12-03 00:10:04+00:00,0.0,0.761,0.239,-0.6597,"Driver slams truck into toll booth on San Francisco's Bay Bridge, killing attendant https://t.co/O4BUo4oyWe https://t.co/f9MCGQs6ru"
37,CBSNews,CBS News,2017-12-03 00:18:07+00:00,0.0,0.455,0.545,-0.8625,"Mariah Woods, missing 3-year-old, believed dead; mother's boyfriend arrested https://t.co/wnQ4RPlRZE https://t.co/ntxtxAblJa"
36,CBSNews,CBS News,2017-12-03 00:28:05+00:00,0.0,0.476,0.524,-0.8689,Suicide bombing at Nigeria market leaves 13 dead https://t.co/lEMx34x9Ld https://t.co/ZFlR1W6zSm
35,CBSNews,CBS News,2017-12-03 00:33:06+00:00,0.0,1.0,0.0,0.0,How 4 different households will fare under the tax bill the Senate passed https://t.co/Uwnj0Knvon https://t.co/Z1UfMEjD9o
34,CBSNews,CBS News,2017-12-03 00:48:05+00:00,0.0,1.0,0.0,0.0,"Mattress startup Casper sued for ""wiretapping"" website visitors https://t.co/vemN82TBZb https://t.co/56i1oOAzCk"
33,CBSNews,CBS News,2017-12-03 01:00:11+00:00,0.0,0.822,0.178,-0.3818,Trump lawyer wrote tweet implying Trump knew Flynn lied to FBI https://t.co/H915CUJlGj https://t.co/H2GOF5F4Ww
32,CBSNews,CBS News,2017-12-03 01:03:06+00:00,0.289,0.547,0.164,0.3818,"Ed Sheeran and Beyonc√© drop ""Perfect Duet"" https://t.co/cgSgHRdZ4s https://t.co/MNmB0o4urk"
31,CBSNews,CBS News,2017-12-03 01:10:05+00:00,0.0,1.0,0.0,0.0,Some New Yorkers warily eye artwork display of Guantanamo detainees https://t.co/XuLG81rrqV https://t.co/BpdQBD3xuX
30,CBSNews,CBS News,2017-12-03 01:16:05+00:00,0.0,0.728,0.272,-0.6249,Christmas tree shortage's roots go back to 2008 financial crisis https://t.co/MFDqXtbw4b https://t.co/udSqcng9Ig
29,CBSNews,CBS News,2017-12-03 01:18:08+00:00,0.0,0.885,0.115,-0.296,"Missing Florida teenager, who police said was traveling north with a 27-year-old high school soccer coach, has been‚Ä¶ https://t.co/rU78Cv76GL"
28,CBSNews,CBS News,2017-12-03 01:33:05+00:00,0.143,0.857,0.0,0.3612,"Jesse Ventura and estate of ""American Sniper"" author Chris Kyle agree to dismiss case https://t.co/PsE0JBMogD https://t.co/SgKfxWhb5l"
27,CBSNews,CBS News,2017-12-03 02:03:04+00:00,0.0,0.618,0.382,-0.7783,"Cops: 7-year-old girl finds mom stabbed to death, tells school counselor https://t.co/c6uoQpnAqc https://t.co/HHTLCKFXfO"
26,CBSNews,CBS News,2017-12-03 02:10:06+00:00,0.0,0.82,0.18,-0.296,Authorities believe they found body of missing 3-year-old girl https://t.co/bjQmtLIZEq https://t.co/6DbQAUuQns
25,CBSNews,CBS News,2017-12-03 02:22:06+00:00,0.0,1.0,0.0,0.0,Tax reform bill: What's in the final version passed by the Senate? https://t.co/S2MxD74EPz https://t.co/kLFbf00qx2
24,CBSNews,CBS News,2017-12-03 02:33:06+00:00,0.0,1.0,0.0,0.0,First baby born from a uterus transplant in the U.S. delivered in Texas https://t.co/xSr9B9ePPi https://t.co/6UJqectyqE
23,CBSNews,CBS News,2017-12-03 02:48:05+00:00,0.0,1.0,0.0,0.0,"Family of Florida runaway says they ""wonder"" if teen was leading secret life https://t.co/wDO6LG0Eq6 https://t.co/vJekbGlrwn"
22,CBSNews,CBS News,2017-12-03 03:03:05+00:00,0.0,1.0,0.0,0.0,Aspiring NYC model found slain in Jamaica https://t.co/iii4clU0wT https://t.co/wO11iijyrQ
21,CBSNews,CBS News,2017-12-03 03:10:06+00:00,0.0,0.833,0.167,-0.25,Thousands protest in Utah against Trump's monument reduction plan https://t.co/xRrC8sonTA https://t.co/Qfp2IzNXSR
20,CBSNews,CBS News,2017-12-02 23:40:02+00:00,0.071,0.929,0.0,0.0772,Feds want to seize Martin Shkreli's Wu-Tang Clan album; the former pharmaceutical executive reportedly paid $2 mill‚Ä¶ https://t.co/3x29YqLLev
19,CBSNews,CBS News,2017-12-03 00:03:04+00:00,0.0,0.696,0.304,-0.5423,Hunter kills ginormous 600-pound bear in Pennsylvania https://t.co/YuGSvUzc1j https://t.co/4T2Q4cS8Ch
18,CBSNews,CBS News,2017-12-03 00:10:04+00:00,0.0,0.761,0.239,-0.6597,"Driver slams truck into toll booth on San Francisco's Bay Bridge, killing attendant https://t.co/O4BUo4oyWe https://t.co/f9MCGQs6ru"
17,CBSNews,CBS News,2017-12-03 00:18:07+00:00,0.0,0.455,0.545,-0.8625,"Mariah Woods, missing 3-year-old, believed dead; mother's boyfriend arrested https://t.co/wnQ4RPlRZE https://t.co/ntxtxAblJa"
16,CBSNews,CBS News,2017-12-03 00:28:05+00:00,0.0,0.476,0.524,-0.8689,Suicide bombing at Nigeria market leaves 13 dead https://t.co/lEMx34x9Ld https://t.co/ZFlR1W6zSm
15,CBSNews,CBS News,2017-12-03 00:33:06+00:00,0.0,1.0,0.0,0.0,How 4 different households will fare under the tax bill the Senate passed https://t.co/Uwnj0Knvon https://t.co/Z1UfMEjD9o
14,CBSNews,CBS News,2017-12-03 00:48:05+00:00,0.0,1.0,0.0,0.0,"Mattress startup Casper sued for ""wiretapping"" website visitors https://t.co/vemN82TBZb https://t.co/56i1oOAzCk"
13,CBSNews,CBS News,2017-12-03 01:00:11+00:00,0.0,0.822,0.178,-0.3818,Trump lawyer wrote tweet implying Trump knew Flynn lied to FBI https://t.co/H915CUJlGj https://t.co/H2GOF5F4Ww
12,CBSNews,CBS News,2017-12-03 01:03:06+00:00,0.289,0.547,0.164,0.3818,"Ed Sheeran and Beyonc√© drop ""Perfect Duet"" https://t.co/cgSgHRdZ4s https://t.co/MNmB0o4urk"
11,CBSNews,CBS News,2017-12-03 01:10:05+00:00,0.0,1.0,0.0,0.0,Some New Yorkers warily eye artwork display of Guantanamo detainees https://t.co/XuLG81rrqV https://t.co/BpdQBD3xuX
10,CBSNews,CBS News,2017-12-03 01:16:05+00:00,0.0,0.728,0.272,-0.6249,Christmas tree shortage's roots go back to 2008 financial crisis https://t.co/MFDqXtbw4b https://t.co/udSqcng9Ig
9,CBSNews,CBS News,2017-12-03 01:18:08+00:00,0.0,0.885,0.115,-0.296,"Missing Florida teenager, who police said was traveling north with a 27-year-old high school soccer coach, has been‚Ä¶ https://t.co/rU78Cv76GL"
8,CBSNews,CBS News,2017-12-03 01:33:05+00:00,0.143,0.857,0.0,0.3612,"Jesse Ventura and estate of ""American Sniper"" author Chris Kyle agree to dismiss case https://t.co/PsE0JBMogD https://t.co/SgKfxWhb5l"
7,CBSNews,CBS News,2017-12-03 02:03:04+00:00,0.0,0.618,0.382,-0.7783,"Cops: 7-year-old girl finds mom stabbed to death, tells school counselor https://t.co/c6uoQpnAqc https://t.co/HHTLCKFXfO"
6,CBSNews,CBS News,2017-12-03 02:10:06+00:00,0.0,0.82,0.18,-0.296,Authorities believe they found body of missing 3-year-old girl https://t.co/bjQmtLIZEq https://t.co/6DbQAUuQns
5,CBSNews,CBS News,2017-12-03 02:22:06+00:00,0.0,1.0,0.0,0.0,Tax reform bill: What's in the final version passed by the Senate? https://t.co/S2MxD74EPz https://t.co/kLFbf00qx2
4,CBSNews,CBS News,2017-12-03 02:33:06+00:00,0.0,1.0,0.0,0.0,First baby born from a uterus transplant in the U.S. delivered in Texas https://t.co/xSr9B9ePPi https://t.co/6UJqectyqE
3,CBSNews,CBS News,2017-12-03 02:48:05+00:00,0.0,1.0,0.0,0.0,"Family of Florida runaway says they ""wonder"" if teen was leading secret life https://t.co/wDO6LG0Eq6 https://t.co/vJekbGlrwn"
2,CBSNews,CBS News,2017-12-03 03:03:05+00:00,0.0,1.0,0.0,0.0,Aspiring NYC model found slain in Jamaica https://t.co/iii4clU0wT https://t.co/wO11iijyrQ
1,CBSNews,CBS News,2017-12-03 03:10:06+00:00,0.0,0.833,0.167,-0.25,Thousands protest in Utah against Trump's monument reduction plan https://t.co/xRrC8sonTA https://t.co/Qfp2IzNXSR
100,CNN,CNN,2017-12-02 04:00:07+00:00,0.225,0.775,0.0,0.4939,A man's tattoo left doctors debating whether to save his life https://t.co/8UnIwsGEBg https://t.co/LgYelybHGA
99,CNN,CNN,2017-12-02 04:30:07+00:00,0.0,1.0,0.0,0.0,"Jared Kushner is the very senior Trump team member who told Michael Flynn to contact the Russian ambassador, source‚Ä¶ https://t.co/csarkGg1s3"
98,CNN,CNN,2017-12-02 05:02:41+00:00,0.0,1.0,0.0,0.0,Meltwater from Greenland is the biggest source of sea level rise in the world -- double that of Antarctica. See how‚Ä¶ https://t.co/vMStdSVXkR
97,CNN,CNN,2017-12-02 05:20:17+00:00,0.0,1.0,0.0,0.0,Votes on amendments are underway with Senate Republicans set to pass a massive tax overhaul. The bill includes hand‚Ä¶ https://t.co/nFBbwMuFTa
96,CNN,CNN,2017-12-02 05:30:06+00:00,0.0,1.0,0.0,0.0,Arby's is buying Buffalo Wild Wings for $2.9 billion https://t.co/ZRKFZ5YX0m https://t.co/NEluzZOZGB
95,CNN,CNN,2017-12-02 06:00:18+00:00,0.114,0.762,0.124,-0.0516,"Former Secretary of State Madeleine Albright believes the US is facing a ""national security emergency"" because of t‚Ä¶ https://t.co/euFlPDWFDp"
94,CNN,CNN,2017-12-02 06:30:14+00:00,0.0,0.928,0.072,-0.1027,President Trump has questioned the authenticity of the infamous ‚ÄúAccess Hollywood‚Äù tape in which he bragged about b‚Ä¶ https://t.co/noBeChbfF0
93,CNN,CNN,2017-12-02 07:02:24+00:00,0.0,0.826,0.174,-0.6369,This video shows a man's final moments before he was fatally shot outside his home in Nashville. His son released t‚Ä¶ https://t.co/w0q8PL0fOU
92,CNN,CNN,2017-12-02 07:09:54+00:00,0.0,1.0,0.0,0.0,Senate passes its GOP tax reform bill with 51 votes after a day full of lawmakers making changes to bring enough me‚Ä¶ https://t.co/IChv44Xy0d
91,CNN,CNN,2017-12-02 07:30:06+00:00,0.105,0.795,0.1,0.0258,"The guy who took down President Trump's Twitter account says it was ""a mistake"" and that he actually admires Trump'‚Ä¶ https://t.co/Wz9f2qUdGg"
90,CNN,CNN,2017-12-02 08:00:15+00:00,0.0,1.0,0.0,0.0,The one and only visible supermoon of 2017 will be observable to the entire world on December 3. Here's how to see‚Ä¶ https://t.co/1uxaRBVGaP
89,CNN,CNN,2017-12-02 08:29:07+00:00,0.251,0.749,0.0,0.6908,"Meet the 11-year-old who created a cheap device to test drinking water for lead, and won a $25,000 science prize‚Ä¶ https://t.co/Tfzvuyk9J4"
88,CNN,CNN,2017-12-02 09:00:27+00:00,0.0,0.921,0.079,-0.2023,"You won't find studies in humans that prove chicken soup can fight a cold, but there's enough evidence to make it w‚Ä¶ https://t.co/liCtPng8mA"
87,CNN,CNN,2017-12-02 09:30:15+00:00,0.225,0.539,0.235,-0.296,"The United Nations urges Libya to take ""urgent action"" over human slavery https://t.co/knx2rdt8SW https://t.co/aNoibaIeTq"
86,CNN,CNN,2017-12-02 10:00:21+00:00,0.0,0.872,0.128,-0.3612,A Kremlin-linked troll is once again demonstrating how difficult it is for Twitter to police its own platform‚Ä¶ https://t.co/6KrUAw3he9
85,CNN,CNN,2017-12-02 10:30:21+00:00,0.0,1.0,0.0,0.0,This is how the tax bill would affect your household finances https://t.co/uzCyZCPSdF https://t.co/3bq0EzDh37
84,CNN,CNN,2017-12-02 11:01:08+00:00,0.0,1.0,0.0,0.0,"In Greenland, evidence of climate change is written in ice and stone https://t.co/rm0MjDsh2z https://t.co/zhs2wuObi3"
83,CNN,CNN,2017-12-02 11:30:36+00:00,0.0,1.0,0.0,0.0,Meltwater from Greenland is the biggest source of sea level rise in the world -- double that of Antarctica. See how‚Ä¶ https://t.co/sUxboTGGS4
82,CNN,CNN,2017-12-02 12:00:37+00:00,0.294,0.706,0.0,0.7574,Join hosts @andersoncooper &amp; @KellyRipa in just a few weeks to honor all this year's Top 10 #CNNHeroes! Vote now at‚Ä¶ https://t.co/WLhv3nvbW7
81,CNN,CNN,2017-12-02 12:30:21+00:00,0.0,0.854,0.146,-0.4404,"""Fat Leonard,"" the biggest corruption scandal in US Navy history, has tarnished the career of another admiral‚Ä¶ https://t.co/oL4bLB8gYS"
80,CNN,CNN,2017-12-02 13:00:22+00:00,0.0,1.0,0.0,0.0,"Matt Lauer ""will not be paid past his last day of work,"" a senior NBC source says https://t.co/E0VcSNSUHS https://t.co/0LUMeTndUJ"
79,CNN,CNN,2017-12-02 13:29:03+00:00,0.0,0.773,0.227,-0.6478,CNN journalists have risked their lives in the most dangerous places around the world so you know the truth‚Ä¶ https://t.co/R3F9YGHl5J
78,CNN,CNN,2017-12-02 13:40:08+00:00,0.0,0.743,0.257,-0.7845,Shocking postmortem incisions on her son's body after he was fatally shot by police led this Chicago mom to ask CNN‚Ä¶ https://t.co/vWxNddGLg5
77,CNN,CNN,2017-12-02 14:00:18+00:00,0.179,0.821,0.0,0.5423,"Former 49ers quarterback Colin Kaepernick has been named the recipient of Sports Illustrated's legacy award, which‚Ä¶ https://t.co/JpgasveNTw"
76,CNN,CNN,2017-12-02 14:10:16+00:00,0.0,0.838,0.162,-0.4404,"Former federal prosecutor John Brownlee: Michael Flynn's credibility as a witness ""has been significantly damaged b‚Ä¶ https://t.co/JjnEQpJivK"
75,CNN,CNN,2017-12-02 14:30:51+00:00,0.0,1.0,0.0,0.0,"This is one of thousands of giant sinkholes in Greenland, where water is draining through the ice sheet into the oc‚Ä¶ https://t.co/b1eVkIol9S"
74,CNN,CNN,2017-12-02 14:38:05+00:00,0.115,0.885,0.0,0.3818,"Economist Arthur Laffer: The CBO is ""wrong,"" the Senate tax bill ""will spur economic growth"" and will not add $1.4‚Ä¶ https://t.co/mujQyHl6CF"
73,CNN,CNN,2017-12-02 14:45:04+00:00,0.0,1.0,0.0,0.0,The first time these mothers see their sons' bodies up close after officer-involved shootings isn't in a hospital o‚Ä¶ https://t.co/iZyjU9nOhM
72,CNN,CNN,2017-12-02 14:55:33+00:00,0.278,0.722,0.0,0.8074,"RT @CNNPolitics: President Trump praises the passage of the Senate tax bill and looks ahead to conference committee: ""Something beautiful i‚Ä¶"
71,CNN,CNN,2017-12-02 15:00:30+00:00,0.0,1.0,0.0,0.0,The world's biggest lithium ion battery has started delivering power in Australia. It uses wind and can power as ma‚Ä¶ https://t.co/B0TlpqgQvg
70,CNN,CNN,2017-12-02 15:27:52+00:00,0.0,1.0,0.0,0.0,Why Calfornia is wincing over Trump-backed health plan associations https://t.co/8EYi4mVpSD https://t.co/94GliD75N4
69,CNN,CNN,2017-12-02 15:45:09+00:00,0.304,0.696,0.0,0.7906,Stakeholders line up on both sides of the religious liberty case in the US Supreme Court https://t.co/BDbzDhcOjM https://t.co/KErgcIqKgX
68,CNN,CNN,2017-12-02 16:00:22+00:00,0.0,0.617,0.383,-0.8519,"After a fatal police shooting, this mom is haunted by shocking incisions all over her son's body #BeneathTheSkin‚Ä¶ https://t.co/KqNBJvffuK"
67,CNN,CNN,2017-12-02 16:15:05+00:00,0.172,0.828,0.0,0.4404,"Florida teen found safe in New York with 27-year-old soccer coach, sheriff says https://t.co/Rhp75OeEAu https://t.co/FrVnENyrcP"
66,CNN,CNN,2017-12-02 16:30:13+00:00,0.0,0.839,0.161,-0.3597,President Trump on Michael Flynn deal: 'There has been absolutely no collusion' https://t.co/FUx4Cf0vCF https://t.co/pIIlu7lNeA
65,CNN,CNN,2017-12-02 16:45:07+00:00,0.0,0.776,0.224,-0.3818,US senators gear up for fight over Dodd-Frank rollback https://t.co/MFk3iYSgam
64,CNN,CNN,2017-12-02 17:00:06+00:00,0.0,0.931,0.069,-0.1027,CNN‚Äôs David Axelrod sits down with Academy Award-winning actor Tom Hanks. The Axe Files with David Axelrod airs Sat‚Ä¶ https://t.co/MnzDtDM3qC
63,CNN,CNN,2017-12-02 17:15:06+00:00,0.0,1.0,0.0,0.0,Poll: Democrat Doug Jones closes gap with Republican Roy Moore in race for Alabama Senate seat‚Ä¶ https://t.co/VWmS50Si2J
62,CNN,CNN,2017-12-02 17:30:04+00:00,0.158,0.842,0.0,0.128,Canada could make billions from legal pot https://t.co/aMizY9t0FC https://t.co/S1BlrQDxl6
61,CNN,CNN,2017-12-02 17:45:05+00:00,0.0,1.0,0.0,0.0,Republicans just bet the entire 2018 election on an unpopular tax plan | Analysis by Chris Cillizza‚Ä¶ https://t.co/ek3cu1JEAW
60,CNN,CNN,2017-12-02 18:00:04+00:00,0.0,0.769,0.231,-0.5994,North Korea's Foreign Ministry says President Trump is 'begging for nuclear war' https://t.co/Hona6lE9QZ https://t.co/Sf31LRzB4x
59,CNN,CNN,2017-12-02 18:15:03+00:00,0.0,1.0,0.0,0.0,This is how senators voted on the tax bill https://t.co/OixXyYsj2h https://t.co/zI3R6qmjjc
58,CNN,CNN,2017-12-02 18:30:02+00:00,0.153,0.847,0.0,0.4019,"With latest plea deal, Special Counsel Robert Mueller's investigation is closing in on President Trump‚Ä¶ https://t.co/KpHFc8hXfe"
57,CNN,CNN,2017-12-02 18:45:09+00:00,0.0,0.763,0.237,-0.4215,Two Russian lawmakers dismiss Michael Flynn's guilty plea https://t.co/x1hZJ2yt53 https://t.co/NFKqWYFH7n
56,CNN,CNN,2017-12-02 19:00:13+00:00,0.219,0.592,0.189,0.128,Sam Bird wins chaotic Formula E season opener in Hong Kong https://t.co/W9v21mTO1I https://t.co/RwwOYeoylY
55,CNN,CNN,2017-12-02 19:15:10+00:00,0.0,0.872,0.128,-0.2263,State Deptment told to plan for potential protests after Jerusalem embassy announcement https://t.co/qUbIiI6mVZ https://t.co/oFwF0aXhRU
54,CNN,CNN,2017-12-02 19:30:05+00:00,0.0,0.833,0.167,-0.34,Police have taken down a man who opened fire at a California hospital https://t.co/nxqamcZRvs https://t.co/8K1Hiuj5CV
53,CNN,CNN,2017-12-02 19:45:12+00:00,0.0,1.0,0.0,0.0,Longtime Michigan congressman announces retirement https://t.co/pykQkbTkfL https://t.co/Uri5suh0wW
52,CNN,CNN,2017-12-02 20:00:55+00:00,0.0,0.807,0.193,-0.5106,Tom Hanks tells CNN's David Axelrod that President Trump's attacks on the press are concerning. The Axe Files with‚Ä¶ https://t.co/JYZXNkCBEw
51,CNN,CNN,2017-12-02 20:15:04+00:00,0.0,0.774,0.226,-0.5859,Former Stanford University swimmer convicted of sexual assault asks for new trial https://t.co/GnF6laqQbU https://t.co/IHWiiEjmvY
50,CNN,CNN,2017-12-02 20:30:38+00:00,0.0,0.861,0.139,-0.4404,"RT @CNNnewsroom: Ex-Ethics Dir. Walter Shaub reacts to Trump's latest tweet: ""The President has just damaged his credibility significantly,‚Ä¶"
49,CNN,CNN,2017-12-02 20:45:51+00:00,0.234,0.42,0.346,-0.6369,Top defense attorney Mark O'Mara says it's 'horribly improper' for politicians to attack the criminal justice syste‚Ä¶ https://t.co/XWmYR50i2X
48,CNN,CNN,2017-12-02 21:00:10+00:00,0.0,1.0,0.0,0.0,Golf writer Michael Corcoran says then-citizen Donald Trump made a 'p-word' comment in 2000 https://t.co/9piT65pziY https://t.co/hR3WkX4oFr
47,CNN,CNN,2017-12-02 21:15:16+00:00,0.102,0.898,0.0,0.1779,Turkey targets assets of US witness who says Turkish President Recep Tayyip Erdogan is corrupt‚Ä¶ https://t.co/iN10Hipdk2
46,CNN,CNN,2017-12-02 21:30:14+00:00,0.0,0.484,0.516,-0.8625,Mom's boyfriend arrested as authorities say missing 3-year-old assumed dead https://t.co/NlfceoPn0I https://t.co/8pTDH4wf6B
45,CNN,CNN,2017-12-02 21:45:05+00:00,0.0,0.651,0.349,-0.7096,Democratic campaign arm calls on congressman to resign following harassment allegation https://t.co/7nBfnQeoop https://t.co/xALSYCZvqF
44,CNN,CNN,2017-12-02 22:00:05+00:00,0.0,0.833,0.167,-0.4215,US official says North Korea's new intercontinental ballistic missile likely broke up upon re-entry‚Ä¶ https://t.co/tu4dwWDlcf
43,CNN,CNN,2017-12-02 22:15:07+00:00,0.184,0.816,0.0,0.4019,FBI agent removed from special counsel Robert Mueller's investigation over anti-Trump messages‚Ä¶ https://t.co/7wAYCs0IeW
42,CNN,CNN,2017-12-02 22:30:06+00:00,0.0,1.0,0.0,0.0,How all but one Republican senator found a way to pass tax reform https://t.co/SMQWjO1xrk https://t.co/WO4xymJq7v
41,CNN,CNN,2017-12-02 22:45:06+00:00,0.0,0.753,0.247,-0.5574,Voyager 1 spacecraft thrusters fired up for first time since 1980 https://t.co/o1sczzzMmU https://t.co/ZnzkKAVSVP
40,CNN,CNN,2017-12-02 23:00:16+00:00,0.0,0.931,0.069,-0.1027,"Tom Hanks talks Trump, Hollywood &amp; history with CNN‚Äôs David Axelrod. The Axe Files with David Axelrod airs Saturday‚Ä¶ https://t.co/VeScTikjCk"
39,CNN,CNN,2017-12-02 23:15:04+00:00,0.0,1.0,0.0,0.0,Glitch forces iPhones to reboot over and over https://t.co/54KKMOup23 https://t.co/1qMWdPVCYM
38,CNN,CNN,2017-12-02 23:30:11+00:00,0.0,0.714,0.286,-0.5859,"Muslim father accused in custody battle of radicalizing son, court documents say https://t.co/5zMSMQipul https://t.co/AVDYuAegbz"
37,CNN,CNN,2017-12-02 23:35:02+00:00,0.053,0.82,0.127,-0.4222,RT @CNNMoney: ABC News announced Saturday that it has suspended investigative reporter Brian Ross for four weeks without pay after Ross was‚Ä¶
36,CNN,CNN,2017-12-02 23:45:06+00:00,0.0,1.0,0.0,0.0,"Vermont senior tested ricin recipe on retirement community, feds say https://t.co/EpUB9blW09 https://t.co/ikTVyXUHrU"
35,CNN,CNN,2017-12-03 00:00:15+00:00,0.137,0.863,0.0,0.4019,President Trump will hold a campaign-style rally near Alabama days before the state's special election for US Senat‚Ä¶ https://t.co/yhz435QHTy
34,CNN,CNN,2017-12-03 00:15:11+00:00,0.0,0.851,0.149,-0.4215,"Flynn may be the bait, but he's no coffee boy, Laura Coates writes for @CNNOpinion https://t.co/iCW450kseI https://t.co/JgQzv8A678"
33,CNN,CNN,2017-12-03 00:30:21+00:00,0.0,1.0,0.0,0.0,The first time these mothers see their sons' bodies up close after officer-involved shootings isn't in a hospital o‚Ä¶ https://t.co/Epa3YboHdU
32,CNN,CNN,2017-12-03 00:34:42+00:00,0.0,0.905,0.095,-0.296,"RT @cnnbrk: Authorities believe they have found the body of Mariah Woods, a 3-year-old North Carolina girl missing since Sunday, the FBI sa‚Ä¶"
31,CNN,CNN,2017-12-03 00:45:04+00:00,0.0,1.0,0.0,0.0,Mikaela Shiffrin scores her first downhill podium in Lake Louise https://t.co/Uw9ZQkEwKq https://t.co/pWduQio66Q
30,CNN,CNN,2017-12-03 00:58:24+00:00,0.103,0.73,0.167,-0.3612,"National security adviser HR McMaster says that the potential for war with North Korea is ""increasing every day""‚Ä¶ https://t.co/xaiFCiyJov"
29,CNN,CNN,2017-12-03 01:00:15+00:00,0.247,0.753,0.0,0.7096,Could brands save millions and help preserve the environment just by slightly changing their logos to use less ink?‚Ä¶ https://t.co/ADC0mcdoTZ
28,CNN,CNN,2017-12-03 01:15:08+00:00,0.0,1.0,0.0,0.0,Elon Musk plans to send his Tesla Roadster to Mars on a giant rocket https://t.co/BjKhRKh4t3 https://t.co/VBFZxhIRCH
27,CNN,CNN,2017-12-03 01:30:18+00:00,0.0,0.775,0.225,-0.4404,Donald Trump's family denied its German heritage for years https://t.co/S2y0erGYwA https://t.co/iICmoEScZQ
26,CNN,CNN,2017-12-03 01:45:05+00:00,0.0,0.685,0.315,-0.5574,Critics react to President Trump's tweet on firing Michael Flynn https://t.co/3NhuOrRFLF https://t.co/MfEHcYYBXo
25,CNN,CNN,2017-12-03 02:00:17+00:00,0.0,1.0,0.0,0.0,Hundreds of migrants stranded in Libya are returned to Nigeria https://t.co/HSYijBDAQV https://t.co/2c4JpVur6H
24,CNN,CNN,2017-12-03 02:15:02+00:00,0.0,1.0,0.0,0.0,"The Foreign Service will survive with or without Secretary of State Rex Tillerson, John Kirby writes for‚Ä¶ https://t.co/Gzi8QQILjQ"
23,CNN,CNN,2017-12-03 02:30:14+00:00,0.0,0.702,0.298,-0.802,A mother questions the shocking postmortem incisions on her son‚Äôs body after he‚Äôs killed by police. Watch Episode 1‚Ä¶ https://t.co/3MaLBnbkVn
22,CNN,CNN,2017-12-03 02:45:04+00:00,0.0,0.864,0.136,-0.296,"The GOP's rush to tax cuts was brainless, writes Jeffrey Sachs for @CNNOpinion  https://t.co/jEM7RYYVs5 https://t.co/H5lgGe8suK"
21,CNN,CNN,2017-12-03 03:00:31+00:00,0.0,1.0,0.0,0.0,"This crosswalk changes size, color and shape according to the needs of its urban environment https://t.co/yaMpWPQ3XT https://t.co/qlSITl9J8x"
20,CNN,CNN,2017-12-02 23:00:16+00:00,0.0,0.931,0.069,-0.1027,"Tom Hanks talks Trump, Hollywood &amp; history with CNN‚Äôs David Axelrod. The Axe Files with David Axelrod airs Saturday‚Ä¶ https://t.co/VeScTikjCk"
19,CNN,CNN,2017-12-02 23:15:04+00:00,0.0,1.0,0.0,0.0,Glitch forces iPhones to reboot over and over https://t.co/54KKMOup23 https://t.co/1qMWdPVCYM
18,CNN,CNN,2017-12-02 23:30:11+00:00,0.0,0.714,0.286,-0.5859,"Muslim father accused in custody battle of radicalizing son, court documents say https://t.co/5zMSMQipul https://t.co/AVDYuAegbz"
17,CNN,CNN,2017-12-02 23:35:02+00:00,0.053,0.82,0.127,-0.4222,RT @CNNMoney: ABC News announced Saturday that it has suspended investigative reporter Brian Ross for four weeks without pay after Ross was‚Ä¶
16,CNN,CNN,2017-12-02 23:45:06+00:00,0.0,1.0,0.0,0.0,"Vermont senior tested ricin recipe on retirement community, feds say https://t.co/EpUB9blW09 https://t.co/ikTVyXUHrU"
15,CNN,CNN,2017-12-03 00:00:15+00:00,0.137,0.863,0.0,0.4019,President Trump will hold a campaign-style rally near Alabama days before the state's special election for US Senat‚Ä¶ https://t.co/yhz435QHTy
14,CNN,CNN,2017-12-03 00:15:11+00:00,0.0,0.851,0.149,-0.4215,"Flynn may be the bait, but he's no coffee boy, Laura Coates writes for @CNNOpinion https://t.co/iCW450kseI https://t.co/JgQzv8A678"
13,CNN,CNN,2017-12-03 00:30:21+00:00,0.0,1.0,0.0,0.0,The first time these mothers see their sons' bodies up close after officer-involved shootings isn't in a hospital o‚Ä¶ https://t.co/Epa3YboHdU
12,CNN,CNN,2017-12-03 00:34:42+00:00,0.0,0.905,0.095,-0.296,"RT @cnnbrk: Authorities believe they have found the body of Mariah Woods, a 3-year-old North Carolina girl missing since Sunday, the FBI sa‚Ä¶"
11,CNN,CNN,2017-12-03 00:45:04+00:00,0.0,1.0,0.0,0.0,Mikaela Shiffrin scores her first downhill podium in Lake Louise https://t.co/Uw9ZQkEwKq https://t.co/pWduQio66Q
10,CNN,CNN,2017-12-03 00:58:24+00:00,0.103,0.73,0.167,-0.3612,"National security adviser HR McMaster says that the potential for war with North Korea is ""increasing every day""‚Ä¶ https://t.co/xaiFCiyJov"
9,CNN,CNN,2017-12-03 01:00:15+00:00,0.247,0.753,0.0,0.7096,Could brands save millions and help preserve the environment just by slightly changing their logos to use less ink?‚Ä¶ https://t.co/ADC0mcdoTZ
8,CNN,CNN,2017-12-03 01:15:08+00:00,0.0,1.0,0.0,0.0,Elon Musk plans to send his Tesla Roadster to Mars on a giant rocket https://t.co/BjKhRKh4t3 https://t.co/VBFZxhIRCH
7,CNN,CNN,2017-12-03 01:30:18+00:00,0.0,0.775,0.225,-0.4404,Donald Trump's family denied its German heritage for years https://t.co/S2y0erGYwA https://t.co/iICmoEScZQ
6,CNN,CNN,2017-12-03 01:45:05+00:00,0.0,0.685,0.315,-0.5574,Critics react to President Trump's tweet on firing Michael Flynn https://t.co/3NhuOrRFLF https://t.co/MfEHcYYBXo
5,CNN,CNN,2017-12-03 02:00:17+00:00,0.0,1.0,0.0,0.0,Hundreds of migrants stranded in Libya are returned to Nigeria https://t.co/HSYijBDAQV https://t.co/2c4JpVur6H
4,CNN,CNN,2017-12-03 02:15:02+00:00,0.0,1.0,0.0,0.0,"The Foreign Service will survive with or without Secretary of State Rex Tillerson, John Kirby writes for‚Ä¶ https://t.co/Gzi8QQILjQ"
3,CNN,CNN,2017-12-03 02:30:14+00:00,0.0,0.702,0.298,-0.802,A mother questions the shocking postmortem incisions on her son‚Äôs body after he‚Äôs killed by police. Watch Episode 1‚Ä¶ https://t.co/3MaLBnbkVn
2,CNN,CNN,2017-12-03 02:45:04+00:00,0.0,0.864,0.136,-0.296,"The GOP's rush to tax cuts was brainless, writes Jeffrey Sachs for @CNNOpinion  https://t.co/jEM7RYYVs5 https://t.co/H5lgGe8suK"
1,CNN,CNN,2017-12-03 03:00:31+00:00,0.0,1.0,0.0,0.0,"This crosswalk changes size, color and shape according to the needs of its urban environment https://t.co/yaMpWPQ3XT https://t.co/qlSITl9J8x"
100,FoxNews,Fox News,2017-12-02 20:25:01+00:00,0.0,0.862,0.138,-0.34,"Earlier today, President @realDonaldTrump tweeted about firing General Mike Flynn, and claimed his former National‚Ä¶ https://t.co/BBnGgFX0rn"
99,FoxNews,Fox News,2017-12-02 20:32:02+00:00,0.0,0.699,0.301,-0.68,Trump laments Flynn's lies to FBI about Russia contacts: 'There was nothing to hide!' https://t.co/60j65Qqx2R
98,FoxNews,Fox News,2017-12-02 20:34:03+00:00,0.0,1.0,0.0,0.0,"TOMORROW on @NextRevFNC, @SteveHiltonx talks to @DarrellIssa - Tune in at 9p ET on Fox News Channel! https://t.co/vf9Eo9futN"
97,FoxNews,Fox News,2017-12-02 20:39:45+00:00,0.263,0.737,0.0,0.3612,Trump's USDA Relaxes Obama-Era School Lunch Restrictions    https://t.co/xmc5xGGqDe
96,FoxNews,Fox News,2017-12-02 20:44:06+00:00,0.0,0.841,0.159,-0.5267,"RT @FoxBusiness: .@AmbJohnBolton on China's access to U.S. tech: ""We are in an increasingly threatening international environment, that the‚Ä¶"
95,FoxNews,Fox News,2017-12-02 20:44:09+00:00,0.101,0.899,0.0,0.4215,"RT @FoxBusiness: DIUx's Raj Shah: ""If you look at all venture deals in the United States in 2015, 12% had an investor from China. That's up‚Ä¶"
94,FoxNews,Fox News,2017-12-02 20:44:49+00:00,0.194,0.806,0.0,0.34,Awaiting remarks from National Security Adviser H.R. McMaster at #RNDF. https://t.co/v9ex4nFBL1
93,FoxNews,Fox News,2017-12-02 20:55:59+00:00,0.289,0.711,0.0,0.7845,"H.R. McMaster: ""[Ronald Reagan] secured our nation, helped bring down the Berlin Wall, and ensured that freedom and‚Ä¶ https://t.co/p73aw6mhHX"
92,FoxNews,Fox News,2017-12-02 20:57:42+00:00,0.275,0.725,0.0,0.8225,"H.R. McMaster: ""Our Founders believed that the greatest wisdom of our nation rests in the hearts and in the minds o‚Ä¶ https://t.co/xTZsiHd4OR"
91,FoxNews,Fox News,2017-12-02 20:59:06+00:00,0.0,1.0,0.0,0.0,"H.R. McMaster: ""Reagan assertively declared that it was Communism that would lie on the ash-heap of history, not de‚Ä¶ https://t.co/CA97f6EpWo"
90,FoxNews,Fox News,2017-12-02 21:00:21+00:00,0.0,0.837,0.163,-0.5423,"H.R. McMaster: ""The rogue regimes of Iran and North Korea are violating the sovereignty of their neighbors, pursuin‚Ä¶ https://t.co/f6v7IGIgQF"
89,FoxNews,Fox News,2017-12-02 21:01:41+00:00,0.0,1.0,0.0,0.0,"H.R. McMaster: ""@POTUS will soon unveil the details of his new strategy, but I can tell you now that it will focus‚Ä¶ https://t.co/dEEil06hYP"
88,FoxNews,Fox News,2017-12-02 21:04:13+00:00,0.0,0.867,0.133,-0.1945,"H.R. McMaster: ""We do not base national security decisions on rigid ideology but instead on our core national inter‚Ä¶ https://t.co/iWLkz73Cyz"
87,FoxNews,Fox News,2017-12-02 21:04:50+00:00,0.0,1.0,0.0,0.0,"H.R. McMaster: ""The era of strategic patience is over."" https://t.co/CRTKMk0W8b"
86,FoxNews,Fox News,2017-12-02 21:07:02+00:00,0.0,0.636,0.364,-0.8834,"Jamiel Shaw Sr.: ""My son was murdered... He was shot dead by an illegal alien on his third gun charge."" https://t.co/H9C4U7wuu6"
85,FoxNews,Fox News,2017-12-02 21:07:04+00:00,0.192,0.725,0.083,0.2732,"H.R. McMaster: ""Confronting the security challenges of today will require us to reclaim our strategic confidence."" https://t.co/2F3sU9ow7S"
84,FoxNews,Fox News,2017-12-02 21:09:57+00:00,0.137,0.863,0.0,0.4003,WATCH NOW: @BretBaier talks to National Security Adviser H.R. McMaster at #RNDF LIVE on Fox News Channel! https://t.co/d1LeUTu4DM
83,FoxNews,Fox News,2017-12-02 21:10:55+00:00,0.22,0.566,0.214,0.0516,"H.R. McMaster: ""The greatest immediate threat to the United States and to the world is the threat posed by the rogu‚Ä¶ https://t.co/iCnhAy4SxY"
82,FoxNews,Fox News,2017-12-02 21:12:22+00:00,0.0,1.0,0.0,0.0,"H.R. McMaster: ""Every time [Kim Jong Un] conducts a missile launch, a nuclear test, he gets better."" @BretBaier https://t.co/GkhNx0fP3V"
81,FoxNews,Fox News,2017-12-02 21:13:08+00:00,0.091,0.739,0.17,-0.4215,".@BretBaier: ""Has the potential of war with North Korea increased with this latest launch?""

H.R. McMaster: ""I thin‚Ä¶ https://t.co/1vWClX5Zkh"
80,FoxNews,Fox News,2017-12-02 21:14:59+00:00,0.0,1.0,0.0,0.0,"H.R. McMaster: ""China recognizes that it does have tremendous coercive economic power over North Korea."" @BretBaier https://t.co/kWIHx69zXe"
79,FoxNews,Fox News,2017-12-02 21:16:21+00:00,0.0,1.0,0.0,0.0,"H.R. McMaster: ""Kim Jong Un isn't particularly cordial to anyone."" @BretBaier https://t.co/pMlBZcYwag"
78,FoxNews,Fox News,2017-12-02 21:17:03+00:00,0.235,0.765,0.0,0.5106,"H.R. McMaster: ""South Korea and Japan are improving their defense capabilities at breakneck speed."" @BretBaier https://t.co/n2LtssrqVO"
77,FoxNews,Fox News,2017-12-02 21:18:10+00:00,0.146,0.854,0.0,0.4404,".@BretBaier: ""Should Americans feel safe about going to the Winter Olympics in Seoul in February?""

H.R. McMaster:‚Ä¶ https://t.co/KUe6OVrMC1"
76,FoxNews,Fox News,2017-12-02 21:22:17+00:00,0.111,0.889,0.0,0.3612,"H.R. McMaster: ""What the Iranians have done across the greater Middle East is fuel and accelerate these cycles of v‚Ä¶ https://t.co/tVEsaqN84s"
75,FoxNews,Fox News,2017-12-02 21:23:13+00:00,0.0,1.0,0.0,0.0,RT @EricShawnTV: I anchor @FoxNews starting at 5 pm ET: The case of #MichaelFlynn and #Israel. Fmr. Ambassador Dan Gillerman on the #UN vot‚Ä¶
74,FoxNews,Fox News,2017-12-02 21:24:19+00:00,0.181,0.714,0.105,0.1531,".@BretBaier: ""Why do you think there is no bipartisan urgency to significantly increase defense spending?""

H.R. Mc‚Ä¶ https://t.co/aYiuDaOohh"
73,FoxNews,Fox News,2017-12-02 21:26:46+00:00,0.077,0.633,0.29,-0.7506,"H.R. McMaster: ""If we go to fight, it's not going to be a fair fight for any enemy who takes us on."" @BretBaier https://t.co/8cVWpUCVe9"
72,FoxNews,Fox News,2017-12-02 21:30:58+00:00,0.151,0.849,0.0,0.6249,"H.R. McMaster: ""It would be great if every time we talk about what divides us, we also at least give equal time to‚Ä¶ https://t.co/xHziSN27R1"
71,FoxNews,Fox News,2017-12-02 21:38:51+00:00,0.0,1.0,0.0,0.0,Moments ago: @POTUS arrives in Joint AFB Andrews. https://t.co/smQVv4e1Hu
70,FoxNews,Fox News,2017-12-02 21:42:21+00:00,0.0,1.0,0.0,0.0,"On Twitter, @KamalaHarris slammed the tax reform bill that passed the Senate. https://t.co/yPerz691gx https://t.co/JaK8FOOn8m"
69,FoxNews,Fox News,2017-12-02 21:52:05+00:00,0.146,0.854,0.0,0.34,WATCH: @BretBaier's full interview with National Security Adviser H.R. McMaster at #RNDF - Part 1. https://t.co/k84HSXYz1z
68,FoxNews,Fox News,2017-12-02 21:52:10+00:00,0.146,0.854,0.0,0.34,WATCH: @BretBaier's full interview with National Security Adviser H.R. McMaster at #RNDF - Part 2. https://t.co/vMd3O42Tzx
67,FoxNews,Fox News,2017-12-02 21:52:14+00:00,0.146,0.854,0.0,0.34,WATCH: @BretBaier's full interview with National Security Adviser H.R. McMaster at #RNDF - Part 3. https://t.co/E1b7eHQCLQ
66,FoxNews,Fox News,2017-12-02 22:00:07+00:00,0.289,0.711,0.0,0.7845,"H.R. McMaster: ""[Ronald Reagan] secured our nation, helped bring down the Berlin Wall, and ensured that freedom and‚Ä¶ https://t.co/nVS6M4tIKk"
65,FoxNews,Fox News,2017-12-02 22:05:03+00:00,0.0,1.0,0.0,0.0,"""The era of strategic patience is over.""

WATCH: H.R. McMaster's full remarks at #RNDF - Part 2. https://t.co/MH2MGejbF7"
64,FoxNews,Fox News,2017-12-02 22:08:05+00:00,0.409,0.591,0.0,0.7906,"At the Reagan National Defense Forum, National Security Adviser H.R. McMaster shared his desire for unity.‚Ä¶ https://t.co/vfJmeGgTdt"
63,FoxNews,Fox News,2017-12-02 22:12:02+00:00,0.0,0.896,0.104,-0.296,"On ""The Cost of Freedom,"" @RepDeSantis gave his take on allegations against the Trump campaign for colluding with R‚Ä¶ https://t.co/u6T1g1DvQV"
62,FoxNews,Fox News,2017-12-02 22:16:12+00:00,0.0,0.854,0.146,-0.34,.@NancyPelosi has called on Nevada Democratic @RepKihuen to resign following allegations of sexual harassment.‚Ä¶ https://t.co/yX9t5HmlEC
61,FoxNews,Fox News,2017-12-02 22:17:26+00:00,0.13,0.87,0.0,0.2023,"Mueller dismisses top FBI agent in Russia probe over possible anti-Trump texts    
https://t.co/n2lvGQheJ6"
60,FoxNews,Fox News,2017-12-02 22:26:01+00:00,0.0,1.0,0.0,0.0,"On @ffweekend, @SheriffClarke gave his take on the @NFL's reported plan to donate nearly $100 million to ""social ju‚Ä¶ https://t.co/oI9JPuj2Ft"
59,FoxNews,Fox News,2017-12-02 22:29:05+00:00,0.139,0.861,0.0,0.2732,President @realDonaldTrump is greeted with a salute upon arriving at @JFKairport in New York. https://t.co/BdBz52QILJ
58,FoxNews,Fox News,2017-12-02 22:31:16+00:00,0.0,1.0,0.0,0.0,"Moments ago on Twitter, President @realDonaldTrump paid homage to Rosa Parks, who, 62 years ago this week, refused‚Ä¶ https://t.co/cXkRs4ifOa"
57,FoxNews,Fox News,2017-12-02 22:41:26+00:00,0.31,0.69,0.0,0.6597,"GOP Senate survived two surprise, nor'easter-like storms to ultimately pass major tax reform https://t.co/ge2X3Ivepy"
56,FoxNews,Fox News,2017-12-02 22:46:58+00:00,0.0,0.652,0.348,-0.5859,"Remains of missing Army veteran, dog found in shallow grave https://t.co/46QCIvCjZo"
55,FoxNews,Fox News,2017-12-02 22:59:17+00:00,0.153,0.847,0.0,0.4404,"Florida teen who reportedly ran off with soccer coach found safe in New York, police say   https://t.co/EW42CGavy7"
54,FoxNews,Fox News,2017-12-02 23:01:19+00:00,0.0,0.733,0.267,-0.4588,BREAKING: ABC News suspends Brian Ross over 'serious error' in Trump/Flynn report https://t.co/04nnEX2PT4
53,FoxNews,Fox News,2017-12-02 23:04:04+00:00,0.0,1.0,0.0,0.0,U.S. markets since election. https://t.co/zSY3KbkOcT
52,FoxNews,Fox News,2017-12-02 23:22:59+00:00,0.0,0.781,0.219,-0.4215,"North Korean missile broke up on re-entry, US official says https://t.co/ZxwlIb3bAq"
51,FoxNews,Fox News,2017-12-02 23:30:07+00:00,0.107,0.893,0.0,0.2023,.@bob_welch: 'A Christmas Carol' offers important lessons on how we should all be living today https://t.co/wDcmdLtCxC
50,FoxNews,Fox News,2017-12-02 23:37:40+00:00,0.134,0.866,0.0,0.4767,"CIA director Mike Pompeo: ""We couldn't do much of what we do in the intelligence community without an enormous comm‚Ä¶ https://t.co/StBsIUEd5e"
49,FoxNews,Fox News,2017-12-02 23:39:42+00:00,0.0,1.0,0.0,0.0,"Former CIA director Leon Panetta on current world affairs: ""I have never seen as many flash points in the world pro‚Ä¶ https://t.co/NyvsWJKxEv"
48,FoxNews,Fox News,2017-12-02 23:41:00+00:00,0.0,0.528,0.472,-0.936,"Hon. Leon Panetta on current world affairs: ""We're fighting a war on terrorism, we've got failed states in the Midd‚Ä¶ https://t.co/l3TycLzkO0"
47,FoxNews,Fox News,2017-12-02 23:47:12+00:00,0.0,1.0,0.0,0.0,".@BretBaier: ""Can you explain how the CIA is ramping up operations against terrorism?"" 

Mike Pompeo: ""We work to c‚Ä¶ https://t.co/O7apHnWTa8"
46,FoxNews,Fox News,2017-12-02 23:56:27+00:00,0.083,0.787,0.13,-0.25,"Dan Gillerman on Flynn guilty plea: ""I think instead of a plea bargain, Michael Flynn should actually get a medal.""‚Ä¶ https://t.co/SMTiHC1RbY"
45,FoxNews,Fox News,2017-12-02 23:58:46+00:00,0.0,0.738,0.262,-0.5994,H.R. McMaster: Potential for war with North Korea increases ‚Äòevery day‚Äô https://t.co/BjpanJuikP
44,FoxNews,Fox News,2017-12-03 00:02:45+00:00,0.31,0.69,0.0,0.6597,"GOP Senate survived two surprise, nor'easter-like storms to ultimately pass major tax reform https://t.co/YfQtDIMsWO"
43,FoxNews,Fox News,2017-12-03 00:04:49+00:00,0.13,0.87,0.0,0.2023,Mueller dismisses top FBI agent in Russia probe over possible anti-Trump texts https://t.co/n2lvGQheJ6
42,FoxNews,Fox News,2017-12-03 00:09:53+00:00,0.221,0.779,0.0,0.5267,".@POTUS praises GOP lawmakers after Senate passes tax bill, @Garrett_FoxNews reports. https://t.co/AN9FXSKYFp https://t.co/maCWNWeGcj"
41,FoxNews,Fox News,2017-12-03 00:22:59+00:00,0.263,0.737,0.0,0.3612,Trump's USDA Relaxes Obama-Era School Lunch Restrictions https://t.co/xmc5xGGqDe
40,FoxNews,Fox News,2017-12-03 00:31:52+00:00,0.0,0.82,0.18,-0.296,"Remains of missing 3-year-old North Carolina girl found, authorities say https://t.co/MqOAAZmWRo"
39,FoxNews,Fox News,2017-12-03 00:36:34+00:00,0.0,1.0,0.0,0.0,"Melissa Quinn on Michael Flynn: ""When you look at those who are closest to @POTUS both during the election and duri‚Ä¶ https://t.co/yY4yClCiSn"
38,FoxNews,Fox News,2017-12-03 00:39:42+00:00,0.0,1.0,0.0,0.0,"Melissa Quinn on Michael Flynn: ""The one thing this charge against Flynn does show us is that it's going to be even‚Ä¶ https://t.co/0zOJM44I0w"
37,FoxNews,Fox News,2017-12-03 00:42:58+00:00,0.0,0.897,0.103,-0.34,"Melissa Quinn on Robert Mueller's investigation: ""If @POTUS did go ahead and move to fire Mueller in the wake of th‚Ä¶ https://t.co/ZEikwadPdc"
36,FoxNews,Fox News,2017-12-03 00:51:30+00:00,0.0,0.71,0.29,-0.5994,"Mother's boyfriend arrested, charged in case of deceased North Carolina toddler, .@BryanLlenas reports.‚Ä¶ https://t.co/lmIsVXqd7D"
35,FoxNews,Fox News,2017-12-03 00:57:02+00:00,0.282,0.565,0.153,0.3182,.@dbongino: GOP 'Damn Well Better' Finish Tax Reform 'Or This Party's Toast' https://t.co/KhEyWngNBV
34,FoxNews,Fox News,2017-12-03 01:10:52+00:00,0.0,1.0,0.0,0.0,#BoycottSanFrancisco takes off after Steinle case acquittal https://t.co/BXlSqLdf3s
33,FoxNews,Fox News,2017-12-03 01:20:46+00:00,0.091,0.909,0.0,0.2263,".@jessebwatters: ""A country without laws and borders is not a country. But the Left is okay with that because open‚Ä¶ https://t.co/ngJc6w7MwF"
32,FoxNews,Fox News,2017-12-03 01:23:15+00:00,0.193,0.807,0.0,0.2732,".@IngrahamAngle on Kate Steinle verdict: ""[@realDonaldTrump] ran on protecting Americans and legal immigrants from‚Ä¶ https://t.co/OUEHD7AbJt"
31,FoxNews,Fox News,2017-12-03 01:40:33+00:00,0.16,0.608,0.232,-0.2263,".@TomiLahren on addressing sexual harassment: ""The best way to fight it is through the First Amendment. It's being‚Ä¶ https://t.co/CWwloc6LzV"
30,FoxNews,Fox News,2017-12-03 01:53:30+00:00,0.142,0.858,0.0,0.5106,"School chairman Ryan Sawyers on calling Trump a ""bona fide idiot"": ""I think it's an honest thing to say... it's my‚Ä¶ https://t.co/Xf8QtBUFlC"
29,FoxNews,Fox News,2017-12-03 02:02:26+00:00,0.0,1.0,0.0,0.0,"WATCH: @jessebwatters' full interview with a school chairman who called President Donald Trump a ""bona fide"" idiot.‚Ä¶ https://t.co/iZE156ONDI"
28,FoxNews,Fox News,2017-12-03 02:17:47+00:00,0.231,0.769,0.0,0.5994,".@newtgingrich: Congratulations Senate Republicans on tax bill -- Now, on to the Conference https://t.co/AC6QxjEBzL"
27,FoxNews,Fox News,2017-12-03 02:27:47+00:00,0.206,0.684,0.109,0.2787,".@GovMikeHuckabee on Kate Steinle verdict: ""Kate Steinle would not have died had we simply avoided these sanctuary‚Ä¶ https://t.co/fuWB1YZvLk"
26,FoxNews,Fox News,2017-12-03 02:37:35+00:00,0.0,0.789,0.211,-0.4939,ABC News colleague takes swipe at Brian Ross over anthrax scare reporting https://t.co/LQAXVB7shN
25,FoxNews,Fox News,2017-12-03 02:41:54+00:00,0.068,0.805,0.127,-0.34,".@GovMikeHuckabee on Kate Steinle verdict: ""It appears that one of the real failures in this trial was that the tri‚Ä¶ https://t.co/TWdetGIeRU"
24,FoxNews,Fox News,2017-12-03 02:44:05+00:00,0.0,1.0,0.0,0.0,"TOMORROW on @NextRevFNC, @SteveHiltonx talks to @DarrellIssa - Tune in at 9p ET on Fox News Channel! https://t.co/2Qmzs2IGj4"
23,FoxNews,Fox News,2017-12-03 02:52:06+00:00,0.0,0.93,0.07,-0.0516,"At a event with President @realDonaldTrump in New York City, @GOPChairwoman touted the @GOPs massive fundraising su‚Ä¶ https://t.co/Jyxnj3msok"
22,FoxNews,Fox News,2017-12-03 02:54:19+00:00,0.071,0.756,0.173,-0.5106,".@pnjaban on Kate Steinle verdict: ""This lady's death is due to San Francisco and now California politician's refus‚Ä¶ https://t.co/WJkqSL8phc"
21,FoxNews,Fox News,2017-12-03 03:02:30+00:00,0.0,0.859,0.141,-0.4215,".@ChristopherHahn on Michael Flynn guilty plea: ""The government wants somebody bigger than Flynn and that's why the‚Ä¶ https://t.co/WhlXUjWMTz"
20,FoxNews,Fox News,2017-12-03 00:31:52+00:00,0.0,0.82,0.18,-0.296,"Remains of missing 3-year-old North Carolina girl found, authorities say https://t.co/MqOAAZmWRo"
19,FoxNews,Fox News,2017-12-03 00:36:34+00:00,0.0,1.0,0.0,0.0,"Melissa Quinn on Michael Flynn: ""When you look at those who are closest to @POTUS both during the election and duri‚Ä¶ https://t.co/yY4yClCiSn"
18,FoxNews,Fox News,2017-12-03 00:39:42+00:00,0.0,1.0,0.0,0.0,"Melissa Quinn on Michael Flynn: ""The one thing this charge against Flynn does show us is that it's going to be even‚Ä¶ https://t.co/0zOJM44I0w"
17,FoxNews,Fox News,2017-12-03 00:42:58+00:00,0.0,0.897,0.103,-0.34,"Melissa Quinn on Robert Mueller's investigation: ""If @POTUS did go ahead and move to fire Mueller in the wake of th‚Ä¶ https://t.co/ZEikwadPdc"
16,FoxNews,Fox News,2017-12-03 00:51:30+00:00,0.0,0.71,0.29,-0.5994,"Mother's boyfriend arrested, charged in case of deceased North Carolina toddler, .@BryanLlenas reports.‚Ä¶ https://t.co/lmIsVXqd7D"
15,FoxNews,Fox News,2017-12-03 00:57:02+00:00,0.282,0.565,0.153,0.3182,.@dbongino: GOP 'Damn Well Better' Finish Tax Reform 'Or This Party's Toast' https://t.co/KhEyWngNBV
14,FoxNews,Fox News,2017-12-03 01:10:52+00:00,0.0,1.0,0.0,0.0,#BoycottSanFrancisco takes off after Steinle case acquittal https://t.co/BXlSqLdf3s
13,FoxNews,Fox News,2017-12-03 01:20:46+00:00,0.091,0.909,0.0,0.2263,".@jessebwatters: ""A country without laws and borders is not a country. But the Left is okay with that because open‚Ä¶ https://t.co/ngJc6w7MwF"
12,FoxNews,Fox News,2017-12-03 01:23:15+00:00,0.193,0.807,0.0,0.2732,".@IngrahamAngle on Kate Steinle verdict: ""[@realDonaldTrump] ran on protecting Americans and legal immigrants from‚Ä¶ https://t.co/OUEHD7AbJt"
11,FoxNews,Fox News,2017-12-03 01:40:33+00:00,0.16,0.608,0.232,-0.2263,".@TomiLahren on addressing sexual harassment: ""The best way to fight it is through the First Amendment. It's being‚Ä¶ https://t.co/CWwloc6LzV"
10,FoxNews,Fox News,2017-12-03 01:53:30+00:00,0.142,0.858,0.0,0.5106,"School chairman Ryan Sawyers on calling Trump a ""bona fide idiot"": ""I think it's an honest thing to say... it's my‚Ä¶ https://t.co/Xf8QtBUFlC"
9,FoxNews,Fox News,2017-12-03 02:02:26+00:00,0.0,1.0,0.0,0.0,"WATCH: @jessebwatters' full interview with a school chairman who called President Donald Trump a ""bona fide"" idiot.‚Ä¶ https://t.co/iZE156ONDI"
8,FoxNews,Fox News,2017-12-03 02:17:47+00:00,0.231,0.769,0.0,0.5994,".@newtgingrich: Congratulations Senate Republicans on tax bill -- Now, on to the Conference https://t.co/AC6QxjEBzL"
7,FoxNews,Fox News,2017-12-03 02:27:47+00:00,0.206,0.684,0.109,0.2787,".@GovMikeHuckabee on Kate Steinle verdict: ""Kate Steinle would not have died had we simply avoided these sanctuary‚Ä¶ https://t.co/fuWB1YZvLk"
6,FoxNews,Fox News,2017-12-03 02:37:35+00:00,0.0,0.789,0.211,-0.4939,ABC News colleague takes swipe at Brian Ross over anthrax scare reporting https://t.co/LQAXVB7shN
5,FoxNews,Fox News,2017-12-03 02:41:54+00:00,0.068,0.805,0.127,-0.34,".@GovMikeHuckabee on Kate Steinle verdict: ""It appears that one of the real failures in this trial was that the tri‚Ä¶ https://t.co/TWdetGIeRU"
4,FoxNews,Fox News,2017-12-03 02:44:05+00:00,0.0,1.0,0.0,0.0,"TOMORROW on @NextRevFNC, @SteveHiltonx talks to @DarrellIssa - Tune in at 9p ET on Fox News Channel! https://t.co/2Qmzs2IGj4"
3,FoxNews,Fox News,2017-12-03 02:52:06+00:00,0.0,0.93,0.07,-0.0516,"At a event with President @realDonaldTrump in New York City, @GOPChairwoman touted the @GOPs massive fundraising su‚Ä¶ https://t.co/Jyxnj3msok"
2,FoxNews,Fox News,2017-12-03 02:54:19+00:00,0.071,0.756,0.173,-0.5106,".@pnjaban on Kate Steinle verdict: ""This lady's death is due to San Francisco and now California politician's refus‚Ä¶ https://t.co/WJkqSL8phc"
1,FoxNews,Fox News,2017-12-03 03:02:30+00:00,0.0,0.859,0.141,-0.4215,".@ChristopherHahn on Michael Flynn guilty plea: ""The government wants somebody bigger than Flynn and that's why the‚Ä¶ https://t.co/WhlXUjWMTz"
100,nytimes,The New York Times,2017-12-02 09:48:42+00:00,0.0,0.826,0.174,-0.2263,Honduras Declares Curfew as Protests Over Vote Count Continue https://t.co/1MnX9ejPWd
99,nytimes,The New York Times,2017-12-02 10:02:13+00:00,0.0,0.714,0.286,-0.5574,Ban on Teflon Chemical Tied to Fewer Low-Weight Babies https://t.co/tSrBmmRLVa
98,nytimes,The New York Times,2017-12-02 10:19:21+00:00,0.0,0.853,0.147,-0.4754,"RT @nytopinion: The votes for the bill by Susan Collins, John McCain and Jeff Flake were particularly disheartening. https://t.co/bzu0P5CQzu"
97,nytimes,The New York Times,2017-12-02 10:36:37+00:00,0.0,0.702,0.298,-0.5267,Bali Volcano Evacuees Sneak Back into Danger Zone https://t.co/bGIULl4VNU
96,nytimes,The New York Times,2017-12-02 10:38:05+00:00,0.204,0.796,0.0,0.6249,"RT @AKannapell: What We‚Äôre Reading: great work by @ProPublica @CBCRadioCanada @scrawford @connpost and more, via @AnnaDubenko @jessemckinle‚Ä¶"
95,nytimes,The New York Times,2017-12-02 10:39:48+00:00,0.0,1.0,0.0,0.0,Wine School: Your Next Lesson: Amontillado https://t.co/5q5Tb9fAzh
94,nytimes,The New York Times,2017-12-02 10:42:53+00:00,0.167,0.833,0.0,0.34,The Getaway: Sending Out an SOS: The Rise of Travel Security Apps https://t.co/YRLNLWH6S0
93,nytimes,The New York Times,2017-12-02 11:00:42+00:00,0.0,1.0,0.0,0.0,"Experience the new Seven Wonders of the World, in 360¬∞ video https://t.co/FwHMgXhOER"
92,nytimes,The New York Times,2017-12-02 11:20:31+00:00,0.098,0.902,0.0,0.0772,A reporter returns to Ohio to discuss the challenges of teaching climate change https://t.co/RmvKHmr2JT
91,nytimes,The New York Times,2017-12-02 11:39:48+00:00,0.226,0.774,0.0,0.5859,Scallops see their world with hundreds of eyes ‚Äî and each one is amazing https://t.co/B9g4g1vimR
90,nytimes,The New York Times,2017-12-02 12:02:07+00:00,0.147,0.853,0.0,0.5859,"RT @nytpolitics: The Senate passed the most sweeping tax overhaul in decades, a big win for President Trump. It now must be reconciled with‚Ä¶"
89,nytimes,The New York Times,2017-12-02 12:21:04+00:00,0.0,1.0,0.0,0.0,These documents raise new questions about what then President-elect Trump knew about Michael Flynn‚Äôs conversations https://t.co/R3E14fyzuK
88,nytimes,The New York Times,2017-12-02 12:41:02+00:00,0.412,0.588,0.0,0.6369,The 10 best books of 2017 https://t.co/949YQcMnnm
87,nytimes,The New York Times,2017-12-02 13:02:06+00:00,0.0,1.0,0.0,0.0,Here's how each senator voted on the Republican tax bill https://t.co/zDHX5KEsOI
86,nytimes,The New York Times,2017-12-02 13:21:02+00:00,0.0,0.763,0.237,-0.4215,Opinion: 10 key takeaways from Michael Flynn‚Äôs guilty plea https://t.co/8pQvqNJx3L
85,nytimes,The New York Times,2017-12-02 13:41:05+00:00,0.0,0.822,0.178,-0.6369,"RT @nytopinion: The Senate tax bill is expected to add more than $1.4 trillion to the federal deficit, a debt that will be paid by the poor‚Ä¶"
84,nytimes,The New York Times,2017-12-02 14:01:08+00:00,0.146,0.854,0.0,0.4404,"Jay-Z in an interview with executive editor Dean Baquet: ""The strongest thing a man can do is cry.""‚Ä¶ https://t.co/EsAyn24IEf"
83,nytimes,The New York Times,2017-12-02 14:21:01+00:00,0.0,1.0,0.0,0.0,"""Everyone else in the family has my husband‚Äôs last name and brown eyes. Even a toddler could tell I was an outsider‚Ä¶ https://t.co/EIvAVlMheY"
82,nytimes,The New York Times,2017-12-02 14:41:01+00:00,0.0,1.0,0.0,0.0,Updated timeline: What we now know about Michael Flynn‚Äôs phone calls with Russia https://t.co/u5HLzR0SAh
81,nytimes,The New York Times,2017-12-02 15:02:01+00:00,0.091,0.909,0.0,0.2023,"Some colleges have more students from the top 1% than the bottom 60. Find yours. https://t.co/coxMm43wI6 

This was‚Ä¶ https://t.co/yeeDxmUf9B"
80,nytimes,The New York Times,2017-12-02 15:12:04+00:00,0.107,0.893,0.0,0.34,"Who gains from the U.S. Republican tax plan? Two economists, one from each side of the debate, make their cases. https://t.co/SX0F84ETVN"
79,nytimes,The New York Times,2017-12-02 15:26:01+00:00,0.0,1.0,0.0,0.0,"The U.S. Senate passed the most sweeping tax rewrite in decades. The new Republican tax plan affects families, smal‚Ä¶ https://t.co/6Jrs41sVbz"
78,nytimes,The New York Times,2017-12-02 15:41:02+00:00,0.124,0.876,0.0,0.4019,"With the passage of a Senate tax plan, Republicans are close to a big victory. But will it help them politically? https://t.co/KInO87k6Xq"
77,nytimes,The New York Times,2017-12-02 15:48:27+00:00,0.0,1.0,0.0,0.0,How Ireland Moved to the Left: ‚ÄòThe Demise of the Church‚Äô https://t.co/7aweHoRh5T
76,nytimes,The New York Times,2017-12-02 15:56:02+00:00,0.189,0.714,0.097,0.4215,Novelist Emma Cline had a banner 2016. But a lawsuit by a former boyfriend has overshadowed that success. https://t.co/7lWZNtz43U
75,nytimes,The New York Times,2017-12-02 16:11:06+00:00,0.073,0.791,0.136,-0.0258,Members of Mexico‚Äôs landmark anti-corruption drive say the government has thwarted them from making serious headway https://t.co/wtf7r9BJOr
74,nytimes,The New York Times,2017-12-02 16:26:06+00:00,0.0,0.804,0.196,-0.296,Opinion: She wanted to get sterilized. Her doctor refused. https://t.co/fEorL3z3S9
73,nytimes,The New York Times,2017-12-02 16:41:04+00:00,0.056,0.944,0.0,0.0772,"""I want you to take a look at this, folks. This is your government at work,"" said Senator Jon Tester, Democrat of M‚Ä¶ https://t.co/vpCb0tR9VV"
72,nytimes,The New York Times,2017-12-02 16:48:14+00:00,0.0,1.0,0.0,0.0,Breaking News: An FBI agent was removed after questions about whether he expressed anti-Trump political views https://t.co/2pV8jcLaXY
71,nytimes,The New York Times,2017-12-02 16:51:10+00:00,0.0,0.896,0.104,-0.2732,The FBI agent was cut from the Russia inquiry over possible anti-Trump political views expressed in text messages https://t.co/F3X2GmgDiF
70,nytimes,The New York Times,2017-12-02 17:07:36+00:00,0.177,0.823,0.0,0.6249,"Step onto the Great Wall of China, one of the new Seven Wonders of the World, in 360¬∞ video https://t.co/TeONS93k8A"
69,nytimes,The New York Times,2017-12-02 17:21:03+00:00,0.123,0.877,0.0,0.4215,Trump's team hopes that the tax plan may resonate more powerfully with the public than the news of Michael Flynn https://t.co/Dzzv2C5Yl4
68,nytimes,The New York Times,2017-12-02 17:36:07+00:00,0.16,0.84,0.0,0.2263,This lentil soup will keep you warm all winter long https://t.co/P60FkbL2Gi
67,nytimes,The New York Times,2017-12-02 17:46:01+00:00,0.0,1.0,0.0,0.0,"The agent, Peter Strzok, was reassigned this summer from Robert Mueller‚Äôs investigation to the FBI's human resources department"
66,nytimes,The New York Times,2017-12-02 17:56:05+00:00,0.153,0.847,0.0,0.5859,"In a big win for President Trump, the Senate passed its tax plan. It now must be reconciled with the House version. https://t.co/J4DsgU571z"
65,nytimes,The New York Times,2017-12-02 18:06:05+00:00,0.0,1.0,0.0,0.0,"The definitive French dishes that every modern cook should master https://t.co/WxvnqvGlT7

@SamSifton, @nytfood edi‚Ä¶ https://t.co/Cl6n0ZtCYY"
64,nytimes,The New York Times,2017-12-02 18:21:05+00:00,0.0,1.0,0.0,0.0,"According to the government of Myanmar, the Rohingya do not exist. How?
 https://t.co/oSMMdu6Gys"
63,nytimes,The New York Times,2017-12-02 18:36:01+00:00,0.0,1.0,0.0,0.0,Most Britons find the British citizenship test almost impossible to pass. Will Meghan Markle ace it? https://t.co/5LkIy5gvey
62,nytimes,The New York Times,2017-12-02 18:46:02+00:00,0.0,1.0,0.0,0.0,Opinion: Who might now be swept up in the investigation? The next obvious candidate is Jared Kushner. https://t.co/WIdbiyoXM6
61,nytimes,The New York Times,2017-12-02 18:56:04+00:00,0.114,0.886,0.0,0.4019,"RT @nytmike: A rare public statement on the record from the Special Counsel's office to the media: ""Immediately upon learning of the allega‚Ä¶"
60,nytimes,The New York Times,2017-12-02 19:06:06+00:00,0.0,1.0,0.0,0.0,See how your senator voted on the GOP tax bill https://t.co/A9FtgXCn1b
59,nytimes,The New York Times,2017-12-02 19:21:03+00:00,0.342,0.563,0.095,0.6908,"Like other Washington traditions that Trump has disrupted, the White House holiday party was no exception https://t.co/zgbV5bwMUB"
58,nytimes,The New York Times,2017-12-02 19:31:02+00:00,0.151,0.687,0.162,-0.3182,RT @nytvideo: Is it ever O.K. to joke about rape? We asked female comedians how stand-up is changing in the post-Weinstein era. https://t.c‚Ä¶
57,nytimes,The New York Times,2017-12-02 19:41:03+00:00,0.0,0.733,0.267,-0.7351,"President Trump tweeted that he fired Michael Flynn ‚Äúbecause he lied to the vice president and the FBI"" https://t.co/SX6CRM1WmT"
56,nytimes,The New York Times,2017-12-02 19:56:02+00:00,0.0,0.86,0.14,-0.3818,‚ÄúEverybody‚Äôs bawling.‚Äù A girls basketball team run by a juvenile court ended its losing streak at 312 games. https://t.co/qW9oqSiwFS
55,nytimes,The New York Times,2017-12-02 20:11:04+00:00,0.135,0.865,0.0,0.4215,The Republican tax plan could mean leaving government leaner and the safety net skimpier for millions of Americans https://t.co/36UUE8zWFe
54,nytimes,The New York Times,2017-12-02 20:26:05+00:00,0.0,0.752,0.248,-0.6808,"A memo. An executive visit to ""NBC Nightly News."" NBC News does in-house damage control after firing Matt Lauer. https://t.co/9XY3tfam3H"
53,nytimes,The New York Times,2017-12-02 20:41:04+00:00,0.18,0.82,0.0,0.6072,The first test of Prince Harry and Meghan Markle's fairy-tale romance? A British citizenship exam. Could you ace it? https://t.co/KRkAfS1TN0
52,nytimes,The New York Times,2017-12-02 20:59:06+00:00,0.0,0.783,0.217,-0.5574,Opinion: The racial biases associated with AI terrifies this mother of 2 young children https://t.co/ZqNyplyLqu
51,nytimes,The New York Times,2017-12-02 21:15:09+00:00,0.0,0.87,0.13,-0.4019,Emails from Trump officials dispute the White House's claim that Michael Flynn went rogue with his Russia contacts https://t.co/spUYfpdV2O
50,nytimes,The New York Times,2017-12-02 21:26:06+00:00,0.0,1.0,0.0,0.0,Here are excerpts from Michael Flynn's court documents and what they mean https://t.co/3l6nKp0jdx
49,nytimes,The New York Times,2017-12-02 21:36:01+00:00,0.0,1.0,0.0,0.0,"Claims of sexual misconduct grip Spelman and Morehouse, 2 historically black schools linked by history and geography https://t.co/477zhci04t"
48,nytimes,The New York Times,2017-12-02 21:46:03+00:00,0.0,1.0,0.0,0.0,"For the first time in the U.S., a woman who had a uterus transplant has given birth https://t.co/ayAsK0gv1S"
47,nytimes,The New York Times,2017-12-02 21:56:02+00:00,0.0,0.909,0.091,-0.296,Senator Bob Corker of Tennessee was the only Republican to vote no to the GOP tax bill. See how each senator voted. https://t.co/N5C1aa1XOP
46,nytimes,The New York Times,2017-12-02 22:06:06+00:00,0.0,1.0,0.0,0.0,"Even in a whirlwind presidency, it has been a dizzying span of hours for the Trump administration https://t.co/YRpHM57bPE"
45,nytimes,The New York Times,2017-12-02 22:16:02+00:00,0.0,1.0,0.0,0.0,"Fed-up straphangers are embracing the East River Ferry, and real-estate developers are taking notice https://t.co/PhZMQc83S6"
44,nytimes,The New York Times,2017-12-02 22:26:05+00:00,0.279,0.721,0.0,0.4754,Our 25 most popular recipes of 2017 https://t.co/h4upEQNgMC https://t.co/RZoVYOCUIo
43,nytimes,The New York Times,2017-12-02 22:36:01+00:00,0.121,0.879,0.0,0.296,"Despite differences, the House and Senate versions of the Republican tax bill share many core elements https://t.co/rtCJzLTjQl"
42,nytimes,The New York Times,2017-12-02 22:46:01+00:00,0.172,0.828,0.0,0.4404,The College Football Playoff picture is taking shape with 4 conference championship games. Live updates: https://t.co/bK1HGUieUH
41,nytimes,The New York Times,2017-12-02 22:56:03+00:00,0.0,1.0,0.0,0.0,RT @nytmike: Emails we obtained from inside the Trump transition team show just how much Trump‚Äôs aides were concerned about sanctions on De‚Ä¶
40,nytimes,The New York Times,2017-12-02 23:06:06+00:00,0.0,0.872,0.128,-0.4215,We scoured the internet for political writing from the right and left on reactions to Michael Flynn‚Äôs guilty plea https://t.co/4fGnleO05z
39,nytimes,The New York Times,2017-12-02 23:16:04+00:00,0.0,1.0,0.0,0.0,"Before the draw for the 2018 World Cup, Russia's deputy prime minister fended off questions about doping https://t.co/cohnqCfoRr"
38,nytimes,The New York Times,2017-12-02 23:26:05+00:00,0.0,0.705,0.295,-0.7269,"ABC News has suspended Brian Ross for 4 weeks over ""a serious error"" in a report about Trump and Michael Flynn https://t.co/5x1CwYwx5U"
37,nytimes,The New York Times,2017-12-02 23:36:09+00:00,0.0,1.0,0.0,0.0,"Sarah Ward and Jonathan Rupp married on a farm in Georgia. One of her horses, Bling Bling, was their ringbearer. https://t.co/VUfCVuAEFF"
36,nytimes,The New York Times,2017-12-02 23:46:02+00:00,0.0,0.865,0.135,-0.4215,"As Roy Moore denies claims of sexual misconduct, he has vilified Gloria Allred, the lawyer representing an accuser https://t.co/jQ4MiwVYvz"
35,nytimes,The New York Times,2017-12-03 00:00:11+00:00,0.1,0.9,0.0,0.25,Many of the last-minute changes in the tax bill were meant to convince a handful of holdout GOP senators https://t.co/o36TxVg7ai
34,nytimes,The New York Times,2017-12-03 00:27:38+00:00,0.0,1.0,0.0,0.0,Updated timeline: What we now know about Michael Flynn‚Äôs phone calls with Russia https://t.co/NZj8OIEFBe
33,nytimes,The New York Times,2017-12-03 00:44:42+00:00,0.167,0.833,0.0,0.4588,"Prince Harry designed the engagement ring which includes two diamonds from his mother, Princess Diana https://t.co/0jSPpAcS6u"
32,nytimes,The New York Times,2017-12-03 00:48:31+00:00,0.0,0.588,0.412,-0.4215,Opinion: The Starving Lands https://t.co/g2zzoVov88
31,nytimes,The New York Times,2017-12-03 01:09:58+00:00,0.133,0.867,0.0,0.3818,"Elon Musk has turned on the world's biggest battery, capable of powering 30,000 homes in South Australia https://t.co/WNf2UwTliJ"
30,nytimes,The New York Times,2017-12-03 01:16:46+00:00,0.0,1.0,0.0,0.0,"Tax Bill Offers Last-Minute Breaks for Developers, Banks and Oil Industry https://t.co/hWyDLgB9ah"
29,nytimes,The New York Times,2017-12-03 01:30:02+00:00,0.0,0.592,0.408,-0.7351,Met Opera to Investigate James Levine Over Sexual Abuse Accusation https://t.co/U9CL60tTn4
28,nytimes,The New York Times,2017-12-03 01:36:04+00:00,0.0,0.821,0.179,-0.5719,"Senators received the nearly 500-page tax bill containing major changes hours before the vote, prompting anger from‚Ä¶ https://t.co/eG17HzqD3S"
27,nytimes,The New York Times,2017-12-03 02:00:09+00:00,0.0,0.733,0.267,-0.7351,"President Trump tweeted that he fired Michael Flynn ‚Äúbecause he lied to the vice president and the FBI"" https://t.co/1JLCVIJwOU"
26,nytimes,The New York Times,2017-12-03 02:14:57+00:00,0.0,1.0,0.0,0.0,Reporter‚Äôs Notebook: Pope Defends His Myanmar Diplomacy: ‚ÄòI Did Not Negotiate With the Truth‚Äô https://t.co/ks1iLKN5uH
25,nytimes,The New York Times,2017-12-03 02:32:11+00:00,0.357,0.643,0.0,0.7269,"Simple, elegant and destined to become one of your favorite weeknight dishes https://t.co/5CdshurwrQ"
24,nytimes,The New York Times,2017-12-03 02:37:51+00:00,0.0,1.0,0.0,0.0,"Met Opera officials acknowledged they had been aware of the police report since 2016, but said that Levine had deni‚Ä¶ https://t.co/oRBwruRY4W"
23,nytimes,The New York Times,2017-12-03 02:50:03+00:00,0.37,0.63,0.0,0.7783,Want to share a confidential news tip with The New York Times? These tools can help protect your anonymity: https://t.co/0wYSROQhTO
22,nytimes,The New York Times,2017-12-03 03:00:12+00:00,0.0,1.0,0.0,0.0,The Senate voted 51-49 to pass the Republican tax bill. See how every senator voted. https://t.co/YpRuENdOI7
21,nytimes,The New York Times,2017-12-03 03:12:04+00:00,0.0,1.0,0.0,0.0,The Walt Disney Company is said to have resumed talks with 21st Century Fox about buying at least part of the compa‚Ä¶ https://t.co/iwVERWFPli
20,nytimes,The New York Times,2017-12-02 23:06:06+00:00,0.0,0.872,0.128,-0.4215,We scoured the internet for political writing from the right and left on reactions to Michael Flynn‚Äôs guilty plea https://t.co/4fGnleO05z
19,nytimes,The New York Times,2017-12-02 23:16:04+00:00,0.0,1.0,0.0,0.0,"Before the draw for the 2018 World Cup, Russia's deputy prime minister fended off questions about doping https://t.co/cohnqCfoRr"
18,nytimes,The New York Times,2017-12-02 23:26:05+00:00,0.0,0.705,0.295,-0.7269,"ABC News has suspended Brian Ross for 4 weeks over ""a serious error"" in a report about Trump and Michael Flynn https://t.co/5x1CwYwx5U"
17,nytimes,The New York Times,2017-12-02 23:36:09+00:00,0.0,1.0,0.0,0.0,"Sarah Ward and Jonathan Rupp married on a farm in Georgia. One of her horses, Bling Bling, was their ringbearer. https://t.co/VUfCVuAEFF"
16,nytimes,The New York Times,2017-12-02 23:46:02+00:00,0.0,0.865,0.135,-0.4215,"As Roy Moore denies claims of sexual misconduct, he has vilified Gloria Allred, the lawyer representing an accuser https://t.co/jQ4MiwVYvz"
15,nytimes,The New York Times,2017-12-03 00:00:11+00:00,0.1,0.9,0.0,0.25,Many of the last-minute changes in the tax bill were meant to convince a handful of holdout GOP senators https://t.co/o36TxVg7ai
14,nytimes,The New York Times,2017-12-03 00:27:38+00:00,0.0,1.0,0.0,0.0,Updated timeline: What we now know about Michael Flynn‚Äôs phone calls with Russia https://t.co/NZj8OIEFBe
13,nytimes,The New York Times,2017-12-03 00:44:42+00:00,0.167,0.833,0.0,0.4588,"Prince Harry designed the engagement ring which includes two diamonds from his mother, Princess Diana https://t.co/0jSPpAcS6u"
12,nytimes,The New York Times,2017-12-03 00:48:31+00:00,0.0,0.588,0.412,-0.4215,Opinion: The Starving Lands https://t.co/g2zzoVov88
11,nytimes,The New York Times,2017-12-03 01:09:58+00:00,0.133,0.867,0.0,0.3818,"Elon Musk has turned on the world's biggest battery, capable of powering 30,000 homes in South Australia https://t.co/WNf2UwTliJ"
10,nytimes,The New York Times,2017-12-03 01:16:46+00:00,0.0,1.0,0.0,0.0,"Tax Bill Offers Last-Minute Breaks for Developers, Banks and Oil Industry https://t.co/hWyDLgB9ah"
9,nytimes,The New York Times,2017-12-03 01:30:02+00:00,0.0,0.592,0.408,-0.7351,Met Opera to Investigate James Levine Over Sexual Abuse Accusation https://t.co/U9CL60tTn4
8,nytimes,The New York Times,2017-12-03 01:36:04+00:00,0.0,0.821,0.179,-0.5719,"Senators received the nearly 500-page tax bill containing major changes hours before the vote, prompting anger from‚Ä¶ https://t.co/eG17HzqD3S"
7,nytimes,The New York Times,2017-12-03 02:00:09+00:00,0.0,0.733,0.267,-0.7351,"President Trump tweeted that he fired Michael Flynn ‚Äúbecause he lied to the vice president and the FBI"" https://t.co/1JLCVIJwOU"
6,nytimes,The New York Times,2017-12-03 02:14:57+00:00,0.0,1.0,0.0,0.0,Reporter‚Äôs Notebook: Pope Defends His Myanmar Diplomacy: ‚ÄòI Did Not Negotiate With the Truth‚Äô https://t.co/ks1iLKN5uH
5,nytimes,The New York Times,2017-12-03 02:32:11+00:00,0.357,0.643,0.0,0.7269,"Simple, elegant and destined to become one of your favorite weeknight dishes https://t.co/5CdshurwrQ"
4,nytimes,The New York Times,2017-12-03 02:37:51+00:00,0.0,1.0,0.0,0.0,"Met Opera officials acknowledged they had been aware of the police report since 2016, but said that Levine had deni‚Ä¶ https://t.co/oRBwruRY4W"
3,nytimes,The New York Times,2017-12-03 02:50:03+00:00,0.37,0.63,0.0,0.7783,Want to share a confidential news tip with The New York Times? These tools can help protect your anonymity: https://t.co/0wYSROQhTO
2,nytimes,The New York Times,2017-12-03 03:00:12+00:00,0.0,1.0,0.0,0.0,The Senate voted 51-49 to pass the Republican tax bill. See how every senator voted. https://t.co/YpRuENdOI7
1,nytimes,The New York Times,2017-12-03 03:12:04+00:00,0.0,1.0,0.0,0.0,The Walt Disney Company is said to have resumed talks with 21st Century Fox about buying at least part of the compa‚Ä¶ https://t.co/iwVERWFPli
